distance-to-solar-noon,temperature,wind-direction,wind-speed,sky-cover,visibility,humidity,average-wind-speed-(period),average-pressure-(period)
0.16,65,27,13.6,1,10,68,14,29.88
0.298291721,54,27,25.1,2,10,64,38,29.89
0.511343805,47,20,8.7,4,10,69,11,30.14
0.148816234,67,29,10.7,0,10,70,5,29.83
0.166453265,63,27,13.9,4,10,75,10,29.93
0.69595537,55,18,8.2,4,6,93,5,30.04
0.504118616,69,14,5,1,10,27,0,30.05
0.610148515,65,30,8.6,4,10,87,6,29.82
1.136125654,47,13,3.6,4,10,77,6,29.89
0.124437781,56,15,9.4,4,4,93,7,29.99
0.308228731,55,18,8.2,4,10,75,13,30.11
0.060225847,61,27,8.1,1,10,59,18,29.95
0.175384615,68,29,4.6,0,10,68,7,30.06
0.20713073,56,29,7.2,4,9,80,11,30.09
0.34039548,65,29,6.9,2,10,53,18,29.97
1.006462036,51,28,5,1,10,93,13,30.18
0.3145917,62,29,10.1,1,10,68,21,29.94
0.560726447,61,27,15.1,4,10,78,8,29.98
0.167123288,63,27,14.4,2,10,70,10,29.99
0.367346939,61,20,8.1,4,10,90,0,30.08
0.086770982,67,27,9.5,3,10,62,17,29.97
0.28875,69,30,3.9,0,10,43,5,30.02
0.407027818,59,14,9.9,4,9,90,23,29.87
0.440414508,46,4,4.2,4,10,68,0,30.2
0.662337662,52,27,7.3,3,10,72,10,30.13
0.644314869,57,19,20.8,3,10,87,17,29.91
0.207011686,57,27,6.6,3,10,78,11,30.22
0.057627119,63,26,16.3,2,10,57,25,29.98
1.141114983,46,21,8.9,2,10,89,5,29.87
0.464932127,62,26,11.2,4,10,81,9,29.93
0.761415525,58,27,11.8,4,10,83,11,29.98
0.131045242,49,22,7.7,3,9,83,8,30.16
0.059945504,49,29,22.1,2,10,54,26,30.21
0.664036077,63,27,23.3,1,10,78,30,29.71
0.384136858,58,29,10.4,1,10,65,15,30.14
0.150112867,70,30,11.6,0,10,56,6,29.87
0.323328786,65,28,10.3,3,10,75,15,30.01
0.394904459,56,27,17.5,2,10,86,9,30.26
0.404669261,62,29,6.4,0,10,59,3,30.03
0.559274756,55,18,8.2,3,10,80,8,30.13
0.256526674,61,27,15.1,1,10,63,21,30.02
0.594632768,65,29,6.9,1,10,68,15,29.99
0.119186047,54,20,17.3,3,8,90,11,29.95
0.765625,59,23,3.5,0,10,39,0,30.04
0.51375,69,30,3.9,1,10,40,15,30.01
0.073333333,61,29,9,2,10,61,16,29.89
0.17080292,57,29,17.6,1,10,42,17,30
0.680981595,51,15,12.6,4,10,80,13,29.52
0.149466192,58,28,16.8,1,10,60,15,29.98
0.18989547,45,12,1.3,3,10,71,5,30.37
0.470588235,55,14,2.5,0,6,42,0,30.25
0.343794579,65,19,8.5,4,10,65,9,29.77
0.818815331,47,28,21.1,1,10,68,20,29.91
0.274325909,58,29,12.9,2,10,65,24,29.89
0.799519808,61,20,8.1,3,10,93,7,30.08
0.156682028,62,30,13.7,1,10,68,8,30.02
0.168275862,69,29,8.7,0,9,73,5,29.99
0.057692308,62,26,11.2,3,10,65,14,29.93
0.490909091,66,30,9.3,3,10,87,13,30
0.952167414,57,17,14.6,4,6,90,14,30.13
0.670196672,54,32,1.3,3,10,80,0,30.18
0.742808799,56,13,3.2,1,10,80,0,30.14
1.025117739,65,15,13,3,10,63,13,30
0.825042882,56,28,6.9,1,10,86,5,30.16
0.554678692,63,32,7.9,1,10,90,7,29.79
0.503045067,53,27,14.5,1,10,66,13,30.14
1.054700855,56,8,6.9,1,10,53,10,30.39
0.43728223,47,29,4.9,0,10,74,8,30.17
0.257046223,61,28,15.4,1,10,58,22,29.88
0.803867403,58,29,8,2,10,77,8,30.05
0.359589041,62,28,13.3,3,10,83,7,30
0.987341772,55,32,5.3,3,10,83,9,29.85
0.853503185,56,27,17.5,4,10,96,17,30.24
0.207419899,54,15,2.7,3,4,80,5,30.03
0.694736842,71,30,6.4,0,10,61,0,29.88
1.057591623,43,29,8.4,1,10,63,10,30.04
0.851274788,66,29,7.8,3,10,84,9,29.95
0.062005277,56,27,19.3,0,10,52,25,30
0.685157421,56,15,9.4,4,10,83,7,29.99
0.493444577,59,27,16.8,1,10,69,26,30.07
0.266984505,66,27,12,1,10,55,21,29.99
0.171851852,65,29,4.9,0,10,63,5,30.18
0.256849315,61,28,14.6,2,10,63,21,29.98
0.565068493,62,28,13.3,3,10,93,7,29.99
0.672727273,62,27,8.6,3,10,81,9,29.94
1.112227806,55,28,6.6,0,10,83,8,30.11
1.038461538,55,13,1.5,0,10,74,0,30.15
0.802647413,59,23,9.8,4,10,93,10,30.13
0.3640553,62,30,13.7,1,10,83,6,30.03
0.671264368,60,30,13,1,10,90,14,30.03
0.44605475,54,32,1.9,0,10,29,5,30.17
0.275294118,58,27,16.6,3,10,43,28,30.08
0.730103806,50,33,4.9,3,10,86,9,30.07
0.533420708,51,28,18,0,10,69,18,29.95
0.37962963,60,29,11.3,1,9,78,15,30.03
0.687086093,64,9,1.2,0,7,87,0,30.11
0.466555184,55,13,1.5,2,10,52,5,30.04
0.056441718,65,30,11.1,1,10,53,14,29.9
0.419062027,54,32,1.3,4,10,58,0,30.07
0.503484321,45,12,1.3,3,10,66,0,30.36
0.405247813,57,19,20.8,2,10,67,33,29.89
0.358361775,64,28,17.7,1,10,72,13,29.95
0.086956522,58,27,10.2,4,10,81,7,30.06
0.787348587,57,27,15.7,0,9,83,20,29.99
0.683109118,57,17,14.6,4,8,87,16,30.09
0.857346648,65,19,8.5,4,3,90,13,29.75
0.349887133,62,27,11.2,4,10,70,8,29.95
0.537037037,57,27,12.6,2,10,62,31,29.97
0.706845238,68,29,6.4,0,10,66,3,30.04
0.921787709,66,29,9.1,1,10,90,10,29.95
0.378443114,66,27,12.9,3,10,78,9,30.02
0.063679245,56,27,19,2,10,48,23,30.06
0.552812071,54,27,15.6,2,10,83,14,29.9
0.662528217,70,30,11.6,1,10,81,11,29.81
0.500606061,55,27,12,4,10,64,20,30.1
0.639107612,64,31,5.8,4,10,87,5,29.75
0.397881997,54,32,1.3,3,10,86,3,30.18
0.561059908,56,28,10.6,4,9,86,7,29.97
0.670988655,55,28,8.5,1,10,90,5,30.02
0.337552743,62,28,8.4,2,10,68,15,29.95
0.799725652,54,27,15.6,2,10,86,11,29.91
0.83625,69,30,3.9,0,10,75,0,30.07
1.140869565,49,29,15.9,3,10,63,10,29.92
0.439446367,51,25,10.3,4,4,96,10,29.95
0.29040404,49,28,20.5,1,10,57,30,30.11
0.162064826,64,27,16.1,2,10,65,11,30.07
1.135972461,54,6,7.4,0,9,77,0,30.08
0.098639456,53,24,3.9,4,10,83,3,30.3
1.001531394,68,29,4.9,0,10,67,5,30.01
0.306982872,63,21,10.5,1,10,68,20,29.74
0.822525597,57,12,2.8,0,10,70,0,30.11
0.355605889,64,29,12.3,4,10,75,0,29.87
0.06091954,60,30,10.5,1,10,49,20,29.88
0.205172414,54,15,3.5,1,9,56,0,30.18
0.168634064,55,12,2,0,10,65,3,30.21
0.421875,51,12,4,0,6,80,10,30.36
0.206953642,64,9,1.2,1,7,70,3,30.11
0.150112867,63,29,9.8,1,10,68,6,29.93
0.739495798,55,14,2.5,0,8,89,0,30.23
0.457990115,50,28,18.7,3,10,72,21,29.99
0.176369863,49,11,6.6,1,10,51,13,30.26
0.813913043,51,30,3.2,1,10,93,8,30.2
0.05524239,61,27,15,3,10,68,20,29.92
0.758503401,61,26,14.2,2,10,78,11,29.9
0.812423873,53,27,14.5,2,10,74,18,30.05
0.277580071,58,28,16.8,2,9,60,30,29.97
0.863701578,65,28,11.1,2,10,87,14,30.03
0.120418848,47,13,3.6,3,10,77,0,29.96
1.136206897,54,15,3.5,1,10,71,5,30.23
0.516407599,50,27,6.6,4,10,74,10,30.08
0.196050776,51,28,9.5,1,10,77,5,30.13
0.709090909,66,30,9.3,2,10,90,8,30.01
0.134907251,55,12,2,0,10,72,7,30.27
0.206557377,66,10,6.5,0,10,40,6,30.07
0.429319372,43,29,8.4,1,10,73,0,30.05
0.662908681,63,32,7.9,1,10,83,13,29.91
0.685446009,62,27,12.8,4,10,87,13,29.86
1.009259259,60,29,11.3,0,9,83,11,30.04
0.201587302,58,20,10.6,3,10,72,20,29.86
0.071428571,64,28,9.7,1,10,59,16,29.81
0.39769821,54,27,18,2,10,74,8,30.04
0.69681742,55,28,6.6,0,10,83,0,30.16
0.372204473,53,30,3.8,2,10,89,3,30.23
0.759593679,70,30,11.6,0,10,65,5,29.85
0.767918089,62,27,12.9,3,10,78,13,29.95
0.415292354,56,15,9.4,4,3,90,13,29.99
0.744299674,54,10,4.8,0,10,75,0,30.3
0.151927438,64,27,11,1,10,63,7,30.01
0.774410774,52,6,1.1,0,8,62,0,30.15
0.662908681,65,26,8.6,1,10,75,9,29.92
0.805647841,57,29,9.3,1,6,96,13,30.1
0.664167916,56,15,9.4,4,10,86,0,29.97
0.39195231,55,27,5.3,3,9,100,3,30.18
0.109375,50,29,4.9,3,8,72,0,30.18
0.459968603,65,15,13,4,6,90,6,30.09
0.62103929,50,29,26.6,2,10,61,16,29.96
1.058319039,48,4,3.8,2,5,89,7,30.15
0.256264237,60,26,14.7,1,10,59,17,29.96
0.596813725,55,26,14.8,3,10,77,14,30.1
0.655384615,68,29,4.6,0,10,49,6,29.99
0.353686636,56,28,10.6,4,10,80,8,29.98
0.384728341,55,10,3.1,3,10,71,0,30.04
0.554421769,61,26,14.2,4,10,75,8,29.88
0.57260274,63,27,14.4,1,10,78,16,29.94
0.166666667,64,31,5.8,1,9,73,5,29.78
0.090909091,63,5,2,0,8,78,3,30.11
0.373397436,60,30,4.6,1,10,80,5,30.33
0.683631362,59,28,12.4,3,10,86,8,30.02
0.637434555,62,29,14.9,1,10,87,7,29.74
0.062863795,59,28,14.4,1,10,63,23,29.95
0.171186441,55,9,2.3,3,9,78,6,30.17
0.668552036,62,26,10.5,4,10,75,11,29.99
0.873036649,62,29,14.9,1,10,81,8,29.76
1.129692833,57,12,2.8,0,10,72,3,30.15
1.047377327,56,13,3.2,1,10,77,0,30.15
0.683076923,49,13,16.6,4,8,83,24,29.74
0.608641975,62,29,11.5,4,10,83,5,29.86
0.762645914,62,29,6.4,1,10,64,10,29.93
0.991666667,54,27,5.7,2,7,93,6,30.13
1.037459283,54,10,4.8,0,10,64,3,30.31
0.147024504,74,30,9,0,10,58,3,29.89
0.426829268,46,21,8.9,4,9,80,8,29.76
0.675799087,50,7,3.8,2,10,93,5,30.18
0.634241245,76,30,6.9,0,10,78,6,29.82
0.314285714,52,26,13.4,1,10,64,22,29.97
0.158496732,49,27,4.7,0,10,40,0,30.39
0.088952654,65,28,11.1,3,10,55,15,30
0.771726535,57,30,10.4,0,10,83,7,29.9
0.152866242,55,16,10.3,4,10,86,10,29.92
0.691501746,59,29,15.6,2,10,90,16,29.95
0.708955224,69,29,4.1,0,10,64,3,30.03
0.168067227,55,14,2.5,0,5,54,3,30.26
0.143906021,55,10,3.1,4,10,70,5,30.01
0.81372549,51,27,12.9,3,10,77,10,30.05
0.261016949,63,26,16.3,2,10,57,22,29.95
0.675925926,61,28,14.6,3,10,90,15,29.99
0.296344648,53,28,6,2,10,32,17,30.02
0.156199678,54,32,1.9,0,10,29,5,30.18
0.166454892,78,29,6.6,3,10,66,3,29.97
0.692307692,66,27,12.6,1,10,83,0,30.01
0.775716695,55,12,2,0,10,55,0,30.2
0.933427762,66,29,7.8,1,10,67,0,30
0.771353482,54,27,25.1,2,10,80,28,29.94
0.792822186,60,28,5.9,3,10,93,8,30.21
0.064670659,64,23,7.3,3,10,68,11,30.08
0.804835924,44,30,5.2,1,10,68,3,30.05
0.433281005,48,29,16.2,1,10,64,26,30
0.947001395,55,18,8.2,4,10,77,8,30.05
0.628148148,65,29,4.9,0,10,40,14,30.03
0.587677725,63,28,13,4,10,90,5,29.94
1.068561873,55,13,1.5,2,10,55,0,30.05
0.361481481,65,29,4.9,1,10,31,14,30.05
0.453355155,47,36,6,1,10,53,5,30.47
0.054176072,66,30,11.5,0,10,43,14,29.72
0.38625,69,30,3.9,0,10,78,0,30.09
0.740740741,52,6,1.1,1,10,83,0,30.23
0.70295858,58,28,15.8,1,10,64,10,29.98
0.697986577,54,28,6,0,10,83,5,30.08
0.292993631,56,27,17.5,2,10,70,22,30.22
0.410979228,56,17,7.6,4,10,72,11,30.13
1.061461794,53,2,2.6,4,10,86,3,30.01
0.662528217,70,30,9.7,0,10,53,8,29.87
1.064347826,51,30,3.2,2,10,89,3,30.26
0.051369863,62,28,13.3,3,10,53,18,30.02
0.487972509,49,1,3.8,1,6,77,0,30.19
0.439226519,58,29,8,4,8,90,0,30.22
0.751736111,48,30,4.1,4,0.5,96,0,30.2
0.374598071,62,30,5.2,1,9,96,0,30.22
0.191972077,51,14,10.4,4,10,77,10,29.81
0.390207715,56,17,7.6,3,10,86,8,30.11
0.461104848,61,27,15,4,10,84,20,29.92
0.267508611,60,30,11.4,1,10,65,22,29.83
0.44,50,34,4.6,3,5,96,9,30.21
0.418685121,50,33,4.9,3,9,86,3,30.05
0.471962617,60,29,15,1,9,86,20,29.94
0.373522459,62,28,12.8,4,10,87,7,29.98
0.204152249,50,33,4.9,1,10,77,9,30.07
0.942511346,54,32,1.3,2,10,77,3,30.17
0.827225131,43,29,8.4,0,10,71,10,29.91
0.379310345,53,27,24.4,4,10,71,26,30.01
0.406143345,57,12,2.8,2,4,96,10.12915382,30.16
0.109375,51,12,4,0,5,74,3,30.4
0.738287561,51,28,5,0,10,83,7,30.09
0.144542773,52,32,5.2,3,10,64,6,30.17
0.167115903,59,28,12.7,3,10,72,7,29.98
0.553916005,62,28,10.6,2,10,80,0,29.93
0.051044084,59,27,13.7,3,10,72,17,29.96
0.440207972,47,3,3.8,4,5,93,9,30.18
0.389072848,64,9,1.2,1,6,90,3,30.13
0.646433991,64,28,4,0,10,45,13,30.07
0.134125637,61,13,5.3,0,10,46,9,30.33
0.667638484,57,19,20.8,4,10,75,26,29.89
0.936464088,58,29,8,2,10,93,10,30.23
0.653481013,62,23,8.1,3,10,90,5,29.96
0.135678392,55,14,1.9,0,10,48,6,30.26
0.357771261,61,31,14.6,0,10,35,21,29.95
0.626292467,64,28,6.4,0,10,26,13,30.2
0.350797267,61,28,12.9,3,10,78,9,29.9
0.827288428,50,27,6.6,4,10,80,8,30.06
0.46275395,62,27,11.2,3,10,70,15,29.93
0.169811321,66,27,12.6,0,9,76,3,30.01
1.110344828,49,17,3.5,4,10,90,0,30.29
0.409763314,53,27,11.1,2,10,67,22,30.18
0.365591398,64,28,10.1,3,10,90,5,30.14
0.578088578,59,26,13.1,4,10,86,11,29.93
0.814234017,71,29,9.7,0,10,84,5,29.93
0.939058172,58,28,9,2,10,93,6,30.28
0.084151473,61,30,12.3,1,10,63,20,29.9
0.195224719,52,27,11.5,2,10,77,5,30.18
1.064572426,51,14,10.4,4,10,83,9,29.88
0.734883721,55,29,9,3,7,93,0,30.15
0.351747463,65,26,8.6,1,10,72,3,29.94
0.820170109,71,29,12.5,2,10,90,5,30
0.517676768,49,28,20.5,1,10,71,28,30.13
0.071618037,61,29,11.4,1,10,68,21,29.84
0.959337349,55,14,6.9,4,10,78,15,29.92
1.037996546,50,27,6.6,2,8,86,6,30.17
0.740418118,46,21,8.9,3,10,83,7,29.75
0.504966887,64,9,1.2,2,10,49,0,30.08
0.74533107,61,13,5.3,0,10,64,8,30.3
0.426323319,64,26,14.4,4,8,90,8,29.79
1.056291391,54,32,2.7,4,8,96,7,30.07
0.429190751,65,28,10.2,3,10,96,0,30.16
0.89352518,52,28,12.6,3,10,77,14,30.14
0.064164649,56,17,8.5,4,10,72,0,29.96
0.162846803,71,29,9.7,1,9,73,5,29.95
0.998473282,69,31,4.3,0,10,58,0,30.05
1.021909233,59,16,8.6,3,10,83,3,29.93
0.207578254,69,14,5,0,10,39,3,30.08
0.799054374,62,28,12.8,4,10,87,8,29.94
0.460750853,62,27,12.9,1,10,67,13,29.91
0.683040936,63,30,13,1,10,96,15,29.97
0.256207675,70,30,11.6,1,10,50,23,29.8
0.165012407,64,28,12.3,1,10,66,10,29.92
0.810720268,55,28,6.6,0,10,83,22,30.1
0.693115519,74,30,9,1,10,78,11,29.9
0.263337117,64,26,8,3,10,55,10,29.94
1.01465798,54,10,4.8,0,10,86,0,30.29
0.514782609,53,27,9.4,4,9,83,14,29.88
0.892171344,64,28,6.4,0,10,62,7,30.2
0.272067715,73,30,10.3,2,10,55,20,29.91
0.753512133,61,27,15.8,4,10,90,13,29.87
0.41314554,46,22,10.4,0,10,70,5,30.18
0.701298701,57,27,23.5,2,10,80,29,30.02
0.605451937,65,28,11.1,1,10,81,15,30.01
0.692763938,63,27,13.5,4,10,84,16,29.98
0.711237553,49,29,13.2,0,10,65,10,30.04
0.440443213,58,28,9,4,10,90,0,30.3
0.972477064,51,18,11.8,3,10,86,6,30.1
0.399741268,73,29,7.9,0,10,63,0,29.88
0.504132231,63,5,2,1,6,50,0,30.04
0.093489149,57,27,6.6,4,8,87,5,30.25
0.054678007,71,29,12.5,1,10,42,22,29.98
0.134646962,47,32,6.6,1,10,71,3,30.12
0.440273038,48,3,2.7,1,10,83,3,30.5
0.68989547,57,27,12.3,1,10,80,8,29.92
0.371764706,65,27,13.6,4,10,84,6,29.87
0.056577086,50,28,5.9,1,10,41,0,30.03
0.741989882,55,12,2,0,10,77,0,30.19
0.729372937,52,27,10,4,9,96,14,30.12
0.803108808,46,4,4.2,4,6,93,0,30.21
0.662908681,61,28,15.4,1,10,77,14,29.88
0.148816234,63,32,7.9,1,10,73,6,29.87
0.312944523,49,29,13.2,1,10,50,18,30.11
0.489940828,58,28,15.8,2,10,51,22,29.93
1.008445946,55,36,3.3,3,9,77,0,30.01
0.129533679,46,4,4.2,4,10,68,0,30.2
0.410029499,52,32,5.2,3,10,62,0,30.14
0.73875,69,30,3.9,0,10,51,5,30.04
0.164821648,62,29,14.2,1,10,65,10,29.92
0.168302945,61,30,12.3,1,10,65,9,29.94
0.682042834,69,14,5,1,10,54,8,30.1
0.97761194,69,29,4.1,0,10,67,3,30.03
0.555248619,58,29,8,3,10,72,17,30.07
0.875181422,66,27,12.6,0,10,78,23,29.91
0.069371728,62,29,14.9,1,10,61,22,29.73
0.272409779,59,29,15.6,2,10,65,17,29.88
0.135048232,54,7,1.8,1,10,72,3,30.26
0.534822602,54,27,25.1,2,10,74,25,29.91
0.796448087,52,22,10.9,3,10,74,0,29.94
0.058168317,65,30,8.6,1,9,66,6,29.85
0.144977169,58,27,11.8,4,10,80,7,30.01
0.971851852,65,29,4.9,0,10,75,0,30.18
1.141114983,45,16,7.8,3,10,89,10,29.77
0.754530478,50,28,18.7,2,10,77,21,29.98
0.145927602,62,26,11.2,4,10,70,13,29.93
0.051252847,60,26,14.7,1,10,59,24,29.99
0.735909823,54,32,1.9,0,10,45,5,30.19
1.10851419,57,27,6.6,0,10,69,3,30.21
0.37485172,63,27,13.5,4,10,87,11,30.02
0.27824019,61,28,15.3,1,10,58,25,29.95
0.398717949,54,27,15.8,4,10,83,13,29.85
0.52496799,63,27,13.9,2,10,81,17,29.87
0.828571429,52,26,13.4,1,10,61,24,29.98
0.818181818,66,30,9.3,2,10,90,8,29.97
0.44137931,49,17,3.5,4,8,86,6,30.26
0.117391304,50,18,7.9,3,10,77,5,30.03
0.918055556,67,29,9.3,0,10,67,3,29.91
0.734375,51,12,4,0,9,86,6,30.35
0.574175824,66,29,7.3,1,10,70,16,29.95
0.310344828,61,29,11.4,1,10,75,23,29.81
0.806228374,51,25,10.3,2,10,74,14,29.95
0.06377858,59,23,9.8,4,10,75,13,30.14
0.756482525,62,26,14,4,10,81,13,29.93
0.894814815,65,29,4.9,0,10,72,9,30.04
0.208754209,56,17,4,1,10,56,0,30.01
0.560090703,61,29,14.4,4,10,80,10,29.92
0.897297297,62,24,9.6,4,10,75,10,30
0.094534712,64,28,6.4,0,10,14,5,30.22
0.759640103,69,28,7.5,0,10,49,6,29.86
1.052810903,59,9,9.5,1,10,71,0,30.29
0.118673647,49,12,5.1,4,10,71,0,30.19
0.832920792,65,30,8.6,4,10,93,10,29.82
0.751304348,51,10,2.4,4,10,89,3,30.38
0.406153846,49,13,16.6,4,4,93,22,29.73
0.170305677,62,27,14.6,0,10,47,5,30
0.203125,50,29,4.9,3,9,67,5,30.1
0.508333333,54,27,5.7,3,10,80,9,30.11
0.909774436,59,29,10.3,2,10,83,8,30.06
0.882044561,51,28,18,1,10,83,22,29.94
0.152099886,61,27,15.1,2,10,70,17,30.02
0.807646356,66,26,14,1,10,81,16,30
0.46345515,53,2,2.6,4,8,93,0,30
0.362989324,58,28,16.8,1,8,77,9,29.97
0.664827586,69,29,8.7,0,10,75,3,29.96
0.450229709,68,29,4.9,2,10,75,3,30.02
0.673501577,63,16,12.8,4,9,87,14,29.9
0.824827586,69,29,8.7,0,10,75,11,29.94
0.438095238,53,13,7.5,4,10,77,7,29.79
0.153846154,56,32,3.1,0,5,72,5,30.02
0.914246196,66,29,10.1,0,10,84,3,29.94
0.4969988,61,20,8.1,3,9,90,11,30.01
0.806094183,58,28,9,2,10,90,14,30.24
0.460496614,66,30,11.5,1,10,70,17,29.73
0.286792453,63,29,9.8,1,10,63,21,29.92
0.475806452,56,28,10.6,1,10,80,10,29.89
0.421875,50,29,4.9,1,10,83,9,30.18
0.577883472,61,28,15.3,0,10,86,8,30.02
0.147692308,49,13,16.6,4,10,83,24,29.7
0.459977452,63,32,7.9,1,10,70,8,29.87
1.009724473,52,29,4.8,0,10,80,5,30.31
0.169296987,65,28,11.1,3,10,57,7,30.01
0.746056782,63,16,12.8,4,10,84,7,29.99
0.258465011,66,29,11,1,10,63,24,29.81
0.865806452,56,21,9.6,4,10,86,10,29.98
0.401694915,55,34,2.1,4,9,83,0,29.85
0.957686883,51,28,9.5,1,10,86,6,30.07
0.051522248,61,29,14.2,1,10,59,14,29.9
0.64244186,54,20,17.3,3,10,75,18,29.91
0.777129522,74,30,9,0,10,67,5,29.88
0.206540448,54,6,7.4,0,7,64,6,30.03
0.789719626,60,29,15,4,10,86,9,29.97
0.606134969,65,30,11.1,1,10,83,6,29.9
1.07925801,55,12,2,0,10,59,0,30.24
0.55704698,60,28,12.6,1,10,83,18,29.94
0.859897172,69,28,7.5,0,10,75,8,29.82
0.423076923,56,32,3.1,0,4,93,3,30.1
0.688760807,66,28,10.5,4,10,90,0,30.05
0.737766625,61,27,8.1,1,10,86,9,29.97
0.957055215,51,15,12.6,4,10,89,9,29.59
0.46440678,63,26,16.3,3,10,75,21,29.95
0.554678692,61,28,15.4,1,10,83,16,29.84
0.060075094,62,28,11.6,2,10,57,24,29.92
0.472,61,26,11.2,2,9,80,14,29.97
0.556786704,58,28,9,3,10,86,22,30.24
0.157407407,61,28,14.6,1,10,72,17,30
0.956331878,62,27,14.6,0,10,83,15,29.91
0.173629243,53,28,6,0,10,37,3,30.07
0.762285714,61,26,11.2,3,10,78,3,30.02
0.702531646,55,32,5.3,3,10,86,10,29.84
1.082926829,57,28,10.2,3,10,80,10,30.27
0.170984456,56,18,9.9,4,9,86,10,29.94
0.513207547,63,29,9.8,1,10,78,16,29.93
0.571428571,62,30,13.7,1,10,93,10,30.01
0.13003096,49,21,8.1,2,10,71,7,29.98
0.692628651,59,20,8.6,4,6,96,9,30.18
0.059225513,60,28,12.2,3,10,63,17,29.94
0.391468005,61,27,8.1,1,9,80,0,29.94
0.488207547,56,27,19,2,10,62,25,30.02
0.506644518,57,29,9.3,1,9,83,16,30.09
0.749571184,48,4,3.8,4,4,89,6,30.18
0.608069164,66,28,10.5,1,10,93,22,30.07
0.145809414,60,30,11.4,1,9,68,8,29.89
0.091436865,66,27,12.6,0,10,55,24,29.95
0.180965147,62,28,9.9,1,10,65,0,30.03
0.415343915,57,27,12.6,1,9,86,3,30.11
0.641633729,63,21,10.5,3,10,78,7,29.75
0.477541371,62,28,12.8,2,9,87,13,29.94
0.432809773,49,12,5.1,4,10,74,0,30.19
0.16540404,62,30,12.1,1,10,70,13,30.03
0.920980926,49,29,22.1,4,10,86,10,29.95
0.5907173,62,28,8.4,2,10,75,11,29.96
1.055379747,62,23,8.1,2,10,83,5,30.07
0.467336683,55,14,1.9,0,10,31,0,30.15
0.133757962,55,16,10.3,3,10,83,11,29.96
0.15323496,62,27,15.8,1,10,56,17,30.05
0.478672986,63,28,13,3,9,81,13,29.98
0.18134715,42,27,2.4,3,10,61,3,30.17
0.200348432,45,16,7.8,4,10,80,6,29.89
0.354503464,53,24,12.7,4,10,83,9,29.96
0.636227545,70,31,4.4,0,10,35,9,29.97
0.14244186,54,20,17.3,3,9,83,17,29.91
0.35873388,58,29,12.9,3,10,86,5,29.98
0.294723295,53,20,8.8,4,10,77,11,29.92
0.163814181,63,26,19.3,1,10,63,26,29.99
0.565714286,62,28,16.1,3,10,93,14,30.02
1.134020619,53,33,3.7,3,9,83,7,30.08
0.166666667,61,29,9,4,10,72,3,29.93
0.678961749,52,22,10.9,4,10,86,16,29.92
0.431064572,47,20,8.7,1,10,77,7,30.05
0.821989529,47,13,3.6,4,10,71,3,29.89
1.025764895,54,32,1.9,0,10,59,0,30.21
0.661858974,60,30,4.6,2,10,72,0,30.29
0.208333333,54,27,5.7,4,9,83,9,30.14
0.665283541,66,29,10.1,0,10,90,5,29.92
0.263337117,62,28,10.6,2,10,59,18,29.94
0.757062147,62,26,14,3,10,81,9,29.95
0.12369338,47,29,4.9,1,10,68,0,30.25
0.979591837,48,29,16.2,3,10,68,18,29.84
0.467650397,62,28,10.6,2,10,65,16,29.95
0.713615023,46,22,10.4,4,10,61,14,30.14
0.064436183,61,29,13.4,1,10,63,20,29.88
1.097199341,69,14,5,0,10,48,3,30.07
0.134185304,53,20,4.5,3,3,93,0,29.99
0.812244898,63,21,7.3,3,10,81,6,29.99
0.459977452,65,26,8.6,2,10,72,16,29.91
0.061130334,52,25,13,4,10,77,17,30.02
0.101027397,53,28,6.9,4,3,96,7,30.18
0.311173975,50,28,5.9,2,10,57,14,30
0.262910798,62,27,12.8,2,10,70,21,29.83
0.58490566,63,26,11.6,4,10,84,9,29.89
0.764553687,73,29,7.9,0,10,70,6,29.85
0.563202247,52,27,11.5,2,10,83,14,30.07
0.568894952,65,28,10.3,4,10,87,14,30
0.513089005,43,29,8.4,1,10,59,14,29.91
0.821989529,48,26,8.9,2,10,80,7,29.89
0.594237695,64,27,16.1,4,10,84,16,30.02
0.264538198,59,27,10.9,3,10,70,13,29.91
0.101851852,60,29,11.3,1,10,59,14,30.05
0.286072773,61,27,8.1,1,10,63,14,29.95
0.59030303,55,27,12,1,10,77,10,30.15
0.12195122,47,28,21.1,3,6,96,25,29.79
0.062261753,78,29,6.6,3,10,36,5,29.94
0.783529412,58,27,16.6,0,10,77,22,30.04
0.877729258,62,27,14.6,0,10,67,11,29.97
0.202898551,58,27,10.2,4,10,84,9,29.98
0.389168766,52,27,17.2,3,10,80,15,30.27
0.949771689,50,7,3.8,3,10,93,5,30.15
0.43231441,62,27,14.6,1,10,75,9,29.96
0.867435159,66,28,10.5,3,10,93,21,30.1
0.818644068,55,34,2.1,3,9,90,0,29.92
0.091703057,62,27,14.6,0,10,36,16,29.97
0.160377358,63,26,11.6,3,10,70,15,29.96
0.515463918,53,33,3.7,4,6,69,3,30.1
0.372641509,63,26,11.6,4,10,81,8,29.93
0.193717277,47,13,3.6,3,10,77,8,29.93
0.687058824,65,27,13.6,4,10,84,13,29.89
0.147688839,62,26,14,4,10,81,14,29.96
0.135620915,49,27,4.7,0,10,61,3,30.5
0.35520362,65,31,8.6,4,10,75,3,29.84
0.439236111,48,30,4.1,4,0.25,96,5,30.22
0.297680412,72,29,6.8,0,10,30,18,29.84
0.745200698,49,26,9.2,4,10,86,11,30.23
1.046875,50,29,4.9,0,10,80,0,30.22
0.371019108,55,29,13.3,2,10,80,11,30.06
0.148816234,61,28,15.4,1,10,56,5,29.89
0.721461187,68,14,2.7,0,10,67,0,30.07
1.00952381,53,13,7.5,4,7,86,15,29.83
0.145785877,60,28,12.2,3,10,72,18,29.95
0.132283465,50,23,9,4,10,86,6,29.93
0.502469136,62,29,11.5,1,10,87,18,29.81
0.439490446,55,16,10.3,3,10,72,14,29.9
0.699386503,51,15,12.6,4,10,83,15,29.68
0.639097744,59,29,10.3,2,10,83,11,30.03
0.461275626,60,26,14.7,1,10,72,14,29.97
0.476355248,52,25,13,4,8,83,14,29.99
0.154340836,54,7,1.8,0,9,69,6,30.2
1.012738854,55,16,10.3,3,10,83,13,29.89
0.959612278,57,28,19.3,3,10,83,23,29.87
0.589060309,61,30,12.3,1,10,87,11,29.93
1.045531197,55,12,2,0,10,69,0,30.16
0.774341352,73,30,10.4,0,10,72,5,29.87
0.862113402,72,29,6.8,0,10,67,6,29.86
0.287484511,61,29,13.4,2,10,68,18,29.83
0.091970803,57,29,17.6,1,10,46,26,29.94
0.174578867,68,29,4.9,1,10,70,5,30.05
0.156142365,62,30,14.7,1,10,63,14,29.96
0.649263722,62,29,10.1,4,10,87,3,29.94
0.383601757,59,14,9.9,4,10,86,5,30.04
0.767918089,64,28,17.7,0,10,78,6,29.92
0.652291105,59,28,12.7,3,10,83,9,29.96
0.350620068,61,27,15,4,9,84,14,29.92
0.276960784,67,30,8.5,0,10,53,21,29.91
0.259860789,59,27,13.7,2,10,70,17,29.92
0.361970218,73,30,10.4,1,10,63,0,29.86
0.389513109,63,29,14.7,2,9,84,7,29.88
0.167785235,60,28,12.6,3,7,78,5,30.01
0.058171745,58,28,9,3,10,72,5,30.28
0.371670702,56,17,8.5,3,10,59,6,30
0.151927438,61,29,14.4,1,10,65,14,29.96
0.054021609,64,27,16.1,2,10,61,23,30.06
0.739622642,63,29,9.8,1,10,90,15,29.97
0.660431655,52,28,12.6,2,10,77,15,30.11
0.257046223,65,26,8.6,2,10,51,18,29.91
1.006745363,54,15,2.7,1,10,86,0,30.05
0.96,49,13,16.6,4,10,66,23,29.79
0.465986395,61,26,14.2,3,10,70,13,29.87
1.090016367,60,28,6,0,10,87,8,30.1
0.465974625,64,30,13,2,10,84,18,29.89
1.061082024,49,12,5.1,3,10,68,3,30.24
0.303112314,52,27,10.7,1,10,67,21,30.19
0.401826484,50,7,3.8,1,10,93,0,30.22
0.171875,59,23,3.5,0,10,58,5,30.1
0.335195531,66,29,9.1,1,10,59,20,29.85
0.064197531,57,26,10.4,3,10,54,17,29.95
0.057422969,51,27,12.9,4,10,64,17,30.05
1.046875,51,12,4,0,9,89,6,30.36
0.053107345,62,30,13.3,1,9,61,20,29.8
0.678041543,56,17,7.6,4,10,80,10,30.14
0.349602724,64,26,8,2,10,72,3,29.9
0.468677494,59,27,16.1,3,10,87,17,29.96
0.683840749,61,29,14.2,3,10,90,10,29.91
0.68579627,65,28,11.1,1,10,84,10,29.96
0.781291173,63,21,10.5,3,10,81,13,29.76
0.54144385,59,28,12.1,2,10,72,21,29.89
1.086440678,55,9,2.3,2,10,64,3,30.16
0.444108761,58,27,13.3,3,10,80,9,30.17
1.086460033,60,28,5.9,2,10,93,0,30.23
0.156862745,64,30,13,2,10,59,8,29.94
0.275943396,56,27,19,2,10,50,30,30.01
0.200949367,62,23,8.1,3,10,68,14,30.07
0.157635468,53,27,24.4,2,10,59,31,30.05
0.680045872,61,31,8,2,10,83,10,29.94
0.062420382,74,29,12.4,1,10,40,24,29.86
0.052009456,62,28,12.8,1,10,61,16,29.97
0.922077922,52,27,7.3,2,10,77,7,30.14
0.428765265,49,29,13.5,1,10,63,7,30.36
0.33240612,66,29,10.7,1,10,68,18,29.9
0.515410959,53,28,6.9,4,6,80,11,30.13
0.123145401,56,17,7.6,3,10,77,6,30.15
0.777955272,53,30,3.8,4,10,58,7,30.25
0.598548972,73,30,10.3,0,10,84,5,29.88
0.434554974,48,26,8.9,1,10,89,0,29.89
0.714285714,59,29,10.3,2,10,75,5,30
0.058743169,52,22,10.9,4,10,77,13,29.97
0.368298368,59,26,13.1,4,10,83,9,29.96
0.506142506,52,26,18,2,10,74,20,30.13
0.444277108,56,27,11.5,4,10,83,3,30.08
0.581944444,67,29,9.3,1,10,70,11,29.89
0.439316239,56,8,6.9,0,10,61,5,30.47
0.795417349,60,28,6,0,10,78,10,30.1
1.062101911,55,29,13.3,1,10,74,11,30.19
0.814407814,52,26,16.8,4,10,77,11,30.02
0.376722818,68,29,4.9,1,10,33,7,29.96
0.133898305,55,9,2.3,1,10,80,3,30.24
0.83310153,66,29,10.7,1,10,90,10,29.94
0.178233438,63,16,12.8,4,3,87,15,29.99
0.165628892,68,29,9.2,1,10,75,3,29.92
1.043327556,49,6,6.4,0,10,89,3,30.11
0.690307329,62,28,12.8,3,10,93,13,29.96
0.430441899,47,36,6,1,10,42,6,30.42
0.725040917,47,36,6,0,10,44,5,30.39
0.60145808,71,29,12.5,2,10,93,7,29.99
0.946889226,53,16,3,0,10,86,3,30.19
0.167108753,61,29,11.4,2,10,73,3,29.87
0.756482525,61,27,15,4,10,81,15,29.92
0.351660939,62,30,7.2,1,10,80,0,29.98
0.065976714,73,29,7.9,0,10,33,10,29.84
0.280385078,59,23,9.8,4,10,75,9,30.1
0.56162465,51,27,12.9,4,10,74,13,30.04
0.063131313,49,28,20.5,1,10,51,25,30.1
0.261682243,60,29,15,2,10,70,26,29.94
0.164141414,49,28,20.5,1,10,49,21,30.11
0.498263889,48,30,4.1,3,1.25,96,8,30.18
0.052694611,66,27,12.9,3,10,59,10,30.06
0.118673647,43,29,2.3,2,10,74,0,30.4
0.438448567,55,12,2,0,10,80,0,30.22
0.150178784,59,27,16.8,1,10,65,5,30.16
0.145454545,62,27,8.6,3,10,60,6,29.98
0.823734729,43,29,2.3,3,10,63,3,30.27
0.761687571,59,27,10.9,4,10,83,6,29.93
0.353672316,62,30,13.3,1,9,84,11,29.82
0.955022489,56,15,9.4,4,9,90,11,30.02
0.357548241,62,27,15.8,2,10,70,13,30.04
0.965098634,53,16,3,0,10,69,0,30.16
0.574074074,61,28,14.6,2,10,87,5,29.93
0.455676516,58,29,10.4,3,10,96,5,30.22
0.758043758,53,20,8.8,4,10,80,8,29.88
0.547619048,64,28,9.7,1,10,81,15,29.82
0.282689913,68,29,9.2,2,10,55,18,29.81
1.054607509,48,3,2.7,0,10,77,0,30.5
0.434554974,47,13,3.6,2,10,83,0,29.93
0.930029155,57,19,20.8,3,10,67,22,29.94
0.145289444,62,28,10.6,3,10,63,14,29.96
0.790643275,63,30,13,3,10,96,15,30
0.097744361,59,29,10.3,2,10,59,13,30.02
0.349887133,64,26,9.6,3,10,70,7,29.97
0.554332875,59,28,12.4,1,10,77,17,29.95
0.74153074,57,28,12.1,4,10,93,20,30.16
0.098976109,57,12,2.8,3,7,80,8,30.19
0.063694268,56,27,17.5,2,10,65,18,30.26
0.815878378,55,36,3.3,3,10,75,0,29.96
0.666287016,60,26,14.7,1,10,78,17,29.99
0.694323144,62,27,14.6,0,10,80,13,29.92
0.670391061,66,29,9.1,1,10,93,3,29.93
0.054114994,63,32,7.9,0,10,68,10,29.88
0.267201835,61,31,8,2,10,65,16,29.88
0.85477707,74,29,12.4,1,10,46,5,29.9
0.457142857,52,26,13.4,4,10,77,9,30.03
0.509598604,43,29,2.3,3,10,61,0,30.29
0.770207852,53,24,12.7,4,10,83,9,29.94
0.679266896,62,30,7.2,2,10,78,6,30.02
0.446778711,51,27,12.9,4,10,66,9,30.05
0.78816568,58,28,15.8,1,10,83,7,29.97
0.828492393,66,29,10.1,0,10,62,11,29.92
0.2553916,62,27,15.8,1,10,56,22,30
0.704761905,53,13,7.5,3,10,86,8,29.82
0.177394035,65,15,13,4,9,87,6,30.13
0.122164049,51,14,10.4,4,10,80,7,29.84
0.568155785,73,30,10.4,1,10,72,6,29.85
0.347202296,65,28,11.1,3,10,61,11,29.99
0.183391003,51,25,10.3,4,5,90,14,29.91
0.148816234,65,26,8.6,1,10,70,8,29.93
0.629487179,54,27,15.8,4,10,86,8,29.83
0.444909344,55,18,8.2,4,4,96,7,30.08
0.087804878,57,28,10.2,3,10,75,10,30.27
0.749568221,44,30,5.2,1,10,86,6,30.04
0.430577223,49,22,7.7,4,7,83,10,30.1
0.283110571,54,27,15.2,2,10,48,16,30.17
0.677577741,60,28,6,2,10,96,0,30.22
0.064516129,64,28,10.1,3,10,68,11,30.14
0.627400768,63,27,13.9,4,10,90,11,29.86
0.674364896,64,30,13.1,2,10,83,11,29.94
0.399662732,54,15,2.7,2,5,89,3,30.06
0.39048811,62,28,11.6,2,10,87,6,29.91
1.141361257,43,5,9.3,2,10,83,6,30.03
0.935185185,60,29,11.3,1,8,93,15,30.13
0.917232022,49,29,13.5,0,10,65,5,30.34
0.177248677,57,27,12.6,1,9,72,3,30.12
0.967283073,49,29,13.2,1,10,58,18,30.01
0.350797267,60,28,12.2,3,9,86,11,29.93
0.158139535,60,26,13.6,1,10,67,14,29.92
0.757336343,66,29,11,3,10,87,3,29.86
0.43484225,54,27,15.6,4,8,96,14,29.96
0.6774942,59,27,13.7,4,10,87,9,29.92
1.019230769,56,32,3.1,1,10,62,7,29.98
0.611271676,65,28,10.2,0,10,73,16,30.06
0.206219313,60,28,6,1,10,63,9,30.16
0.699212598,50,23,9,2,10,93,0,29.86
0.800947867,63,28,13,4,9,90,13,29.95
0.774406332,56,27,19.3,2,10,86,20,29.97
0.05524239,63,27,23.3,3,10,65,33,29.75
0.059293044,59,27,10.9,3,10,68,15,29.93
0.725880551,68,29,4.9,0,10,51,0,30
0.780448718,60,30,4.6,0,10,78,7,30.26
0.791452991,56,8,6.9,1,10,51,6,30.5
0.529182879,62,29,6.4,2,10,50,9,29.92
0.05209513,64,29,12.3,1,10,57,17,29.87
0.407407407,48,14,12.3,3,10,93,8,30.01
0.075675676,62,24,9.6,2,10,52,10,30.04
0.061598952,51,28,18,0,10,51,26,29.98
0.262295082,61,29,14.2,1,10,72,26,29.88
0.06405694,58,28,16.8,2,10,58,20,29.97
0.366589327,59,27,16.1,4,9,90,17,30
0.817401961,55,26,14.8,3,10,80,20,30.11
0.143478261,50,18,7.9,3,10,57,13,30.03
0.20355412,57,28,19.3,2,10,70,20,29.87
0.724053724,52,26,16.8,3,10,74,16,30.06
0.412816692,55,27,5.3,3,10,60,13,30.12
0.679069767,60,26,13.6,4,10,87,14,29.93
0.380487805,57,28,10.2,3,10,86,7,30.21
0.974702381,68,29,6.4,0,10,75,7,30.04
0.167776298,60,28,11.7,4,9,81,7,29.93
0.058312655,64,28,12.3,1,10,55,16,29.92
0.561861521,62,27,15.8,3,10,75,14,30.03
0.431630972,50,28,18.7,2,10,74,18,30.09
0.934032984,56,15,9.4,4,10,78,20,29.97
0.434645669,50,23,9,3,10,69,16,29.85
0.05801105,58,29,8,3,8,75,5,30.16
0.147688839,61,27,15,4,9,78,8,29.93
0.975460123,51,15,12.6,3,10,83,14,29.71
0.709677419,56,29,7.2,4,9,93,9,30
0.459796149,64,29,12.3,1,10,75,18,29.88
0.094814815,65,29,4.9,0,10,36,0,30.1
0.14665127,53,24,12.7,4,9,80,11,29.98
0.553047404,64,26,10.1,3,10,84,3,29.92
0.257336343,66,30,11.5,1,10,55,22,29.72
0.14566474,59,27,10.2,1,10,67,7,29.91
0.733777038,55,4,2.4,3,10,74,5,30.01
0.300932091,54,28,19.6,0,10,51,26,29.94
0.146788991,51,18,11.8,4,10,74,17,29.92
0.164034022,71,29,12.5,1,10,73,3,30.01
0.623888183,78,29,6.6,3,10,52,0,29.94
0.129230769,49,13,16.6,4,5,89,20,29.75
0.458757062,65,32,8.1,1,10,70,10,29.78
0.381395349,55,29,9,3,10,78,15,30.14
0.7504363,51,14,10.4,4,8,83,6,29.84
1.040849673,49,27,4.7,0,10,89,0,30.31
0.417721519,55,32,5.3,2,10,86,7,29.86
0.870466321,56,18,9.9,3,10,77,3,29.92
0.302083333,77,29,8.5,0,10,19,22,29.75
0.810763889,48,30,4.1,4,10,93,9,30.17
0.376638856,66,27,12,3,10,81,5,30.05
1.119584055,47,3,3.8,4,4,89,0,30.07
0.166028097,61,27,15.8,2,10,75,14,29.88
0.612781955,59,30,8.3,1,10,93,3,30.11
0.153753027,56,17,8.5,3,10,60,0,29.98
0.770833333,77,29,8.5,0,10,37,8,29.79
0.769319493,52,25,13,4,10,86,10,29.99
0.662087912,66,29,7.3,0,10,86,3,29.95
0.128440367,51,18,11.8,3,10,72,14,29.87
0.718696398,56,28,6.9,4,10,86,11,30.17
0.120058565,59,14,9.9,4,10,83,5,30.04
0.159064327,63,30,13,1,10,70,6,30.01
0.786304604,57,27,23.5,1,10,77,21,29.97
0.391666667,54,27,5.7,4,6,86,7,30.14
0.782407407,61,28,14.6,1,10,83,11,29.94
0.622617535,55,27,19.6,3,10,90,20,30.13
0.4144427,48,29,16.2,3,10,77,6,29.89
0.146747352,54,32,1.3,3,10,60,0,30.13
0.088091354,60,28,5.9,4,9,87,5,30.32
0.964705882,63,32,13.4,0,10,39,15,30.09
0.589774078,64,27,11.5,4,9,90,5,29.99
0.195462478,49,12,5.1,4,8,86,6,30.07
0.875,59,23,3.5,0,10,46,0,30.06
0.20552677,50,27,6.6,4,6,80,11,30.1
0.814461119,65,28,10.3,3,10,87,15,30
0.672540382,55,10,3.1,4,10,75,3,29.97
0.953651685,52,27,11.5,1,10,89,10,30.15
0.145927602,62,26,10.5,4,8,73,14,29.96
0.305774278,64,31,5.8,1,10,61,14,29.7
0.743455497,43,5,9.3,3,10,93,3,29.9
0.273045508,74,30,9,1,10,50,22,29.87
0.724691358,62,29,11.5,1,10,90,10,29.84
0.131849315,49,11,6.6,1,5,96,7,30.3
0.052036199,65,31,8.6,1,10,55,8,29.83
0.618686869,49,28,20.5,0,10,68,5,30.02
0.855683269,61,27,15.8,1,10,90,18,29.83
0.787052811,59,9,9.5,0,10,52,9,30.25
0.304973822,62,29,14.9,1,10,70,25,29.71
0.426533524,65,19,8.5,3,10,84,5,29.87
0.655555556,58,20,10.6,3,10,90,3,30.02
1.032702238,54,6,7.4,2,10,77,11,30.06
0.608966376,75,31,5.5,0,10,87,0,30.02
0.284493284,52,26,16.8,2,10,57,24,30.01
0.810449575,54,27,15.2,2,10,83,9,30.17
0.553672316,62,26,14,3,10,80,15,29.92
0.294494238,63,27,13.9,2,10,68,21,29.88
0.554545455,62,27,8.6,3,10,78,5,29.93
0.417168675,55,14,6.9,4,10,62,6,30
0.419047619,53,13,7.5,4,7,96,10,29.79
0.459367946,70,30,9.7,0,10,43,17,29.85
0.273390036,71,29,12.5,1,10,50,31,29.94
0.105172414,51,3,3.6,1,8,77,7,30.26
0.731008717,68,29,9.2,0,10,78,10,29.86
0.911051213,55,27,16.1,2,10,90,7,30.17
0.843161857,61,27,8.1,2,10,80,8,29.91
0.476271186,55,9,2.3,2,10,40,3,30.14
0.562355658,53,24,12.7,4,10,86,7,29.93
0.498792271,60,18,11,4,10,84,13,30.07
0.427244582,49,21,8.1,4,4,83,11,29.96
0.147368421,71,30,6.4,0,10,70,3,29.89
0.92866941,54,27,15.6,1,10,90,14,29.95
0.703808181,51,28,9.5,1,10,86,0,30.07
0.063225806,56,21,9.6,4,10,67,15,30.09
0.810320781,55,18,8.2,3,10,83,7,30.17
0.572087659,64,30,13,1,10,90,6,29.93
0.68175583,54,27,15.6,4,10,93,18,29.95
0.135313531,52,27,10,4,6,93,10,30.18
0.126956522,50,34,4.6,3,0.75,93,6,30.23
0.611662531,64,28,12.3,3,10,84,6,29.88
0.816011236,52,27,11.5,4,10,77,13,30.1
0.643504532,58,27,13.3,2,10,80,15,30.17
0.972176759,60,28,6,1,10,93,0,30.23
0.187826087,51,10,2.4,3,10,80,0,30.33
1.017006803,53,24,3.9,4,10,86,5,30.22
0.928024502,68,29,4.9,0,10,58,0,30.02
0.091040462,65,28,10.2,0,9,71,3,30.11
0.657142857,63,21,7.3,1,10,80,5,29.98
0.807506053,56,17,8.5,4,10,66,8,30.1
0.481955763,59,29,15.6,3,10,83,20,29.91
0.458745875,52,27,10,4,9,80,9,30.15
0.397172237,69,28,7.5,0,10,70,0,29.89
0.969004894,60,28,5.9,4,8,93,6,30.28
0.838107098,68,29,9.2,4,10,87,6,29.93
0.171344165,64,28,6.4,0,10,21,0,30.27
0.542895442,62,28,9.9,1,10,72,13,29.99
0.822660099,53,27,24.4,4,10,77,11,29.96
0.505226481,47,28,21.1,2,10,68,26,29.86
0.683834049,64,26,14.4,4,7,90,17,29.75
0.984962406,59,29,10.3,1,10,62,10,29.99
0.295719844,62,29,6.4,3,10,36,13,29.94
0.861230329,64,26,14.4,2,10,84,18,29.95
1.015280136,56,29,7.2,3,9,93,0,29.98
0.519695044,78,29,6.6,4,10,32,13,29.9
0.086402266,66,29,7.8,3,10,50,22,29.95
0.054282268,71,29,9.7,1,10,32,20,29.91
0.10485133,59,16,8.6,4,9,68,17,29.87
0.430517711,49,29,22.1,3,10,66,26,30.08
0.924863388,52,22,10.9,4,10,83,14,29.93
0.766318538,53,28,6,0,10,50,0,30.05
0.057182706,55,18,8.2,4,10,78,10,30.12
0.697729988,66,26,14,4,10,78,10,29.98
0.061868687,62,30,12.1,1,10,61,15,30
0.292249047,55,27,19.6,3,10,53,31,30
0.404145078,56,18,9.9,3,10,77,6,29.9
0.425320057,67,27,9.5,4,10,81,0,29.96
0.374429224,68,14,2.7,0,10,21,0,30.02
0.666666667,58,27,10.2,1,10,90,9,30.08
0.723856209,49,27,4.7,0,10,79,3,30.49
0.409948542,56,28,6.9,4,7,96,8,30.18
0.615720524,62,27,14.6,0,10,67,20,29.95
0.80945758,59,20,8.6,4,5,93,6,30.29
0.509598604,49,12,5.1,4,5,86,10,29.99
0.135451505,55,13,1.5,1,10,55,3,30.17
0.647144949,59,14,9.9,3,10,80,6,29.98
0.504962779,64,28,12.3,2,10,84,20,29.91
0.761597938,72,29,6.8,0,10,75,5,29.85
0.553167421,62,26,11.2,4,10,72,11,29.89
0.716239316,55,7,2.3,0,8,90,3,30.15
0.143916914,56,17,7.6,3,10,58,13,30.15
0.364475202,64,30,13,1,10,81,6,29.94
0.495667244,47,3,3.8,2,7,83,6,30.09
0.528497409,56,18,9.9,3,10,93,13,29.92
0.460839955,61,27,15.1,3,10,72,22,30.03
0.054114994,67,29,10.7,0,10,31,17,29.8
0.171641791,69,29,4.1,0,10,70,3,30.08
0.381660471,61,29,13.4,1,10,67,6,29.86
0.576551724,69,29,8.7,0,10,56,18,29.91
0.750865052,51,25,10.3,4,1.75,96,9,30.02
0.064596273,74,29,6.7,3,10,52,3,29.9
0.429738562,49,27,4.7,0,10,86,3,30.5
0.181695828,57,27,15.7,1,10,72,7,30.05
0.193863319,55,18,8.2,4,10,90,6,30.12
0.738693467,55,14,1.9,0,10,77,0,30.24
0.16735823,66,29,10.1,1,10,66,3,29.95
0.091059603,64,9,1.2,1,6,78,3,30.15
0.757609921,65,26,8.6,1,10,86,7,29.91
1.05107084,50,28,18.7,2,10,80,11,30
0.281400966,60,18,11,4,10,75,18,30.08
0.766666667,60,30,10.5,0,10,83,7,29.89
0.801652893,63,5,2,1,10,68,3,30.06
0.380813953,54,20,17.3,3,10,75,24,29.9
0.276923077,58,28,15.8,1,10,58,31,29.94
0.438687392,44,30,5.2,1,10,86,3,30.05
0.817073171,47,29,4.9,3,10,71,8,30.29
0.172155689,70,31,4.4,3,10,66,3,30.06
0.058024691,62,29,11.5,1,10,63,18,29.85
0.769942197,59,27,10.2,2,10,86,5,29.91
0.678688525,66,10,6.5,0,10,93,0,30.08
0.664018161,62,27,15.8,2,10,80,10,29.98
0.822222222,55,7,2.3,1,10,67,0,30.11
0.424347826,49,29,15.9,2,10,66,14,29.89
1.119932432,55,36,3.3,3,10,83,7,29.96
0.680826636,60,30,11.4,1,10,90,11,29.89
0.900949796,60,26,7.9,1,10,78,6,30.01
0.207641196,57,29,9.3,1,9,75,18,30.12
0.623529412,63,32,13.4,0,10,46,11,30.16
0.709677419,64,28,10.1,4,10,90,15,30.17
0.057823129,61,26,14.2,2,10,58,18,29.9
0.471380471,52,6,1.1,1,6,69,0,30.15
0.824691358,57,26,10.4,3,10,80,10,29.9
0.369590643,63,30,13,4,10,87,0,30.03
0.819727891,53,24,3.9,2,10,90,8,30.22
1.102915952,48,4,3.8,0,8,89,0,30.22
0.520965693,55,27,19.6,3,10,69,28,29.96
0.640625,59,23,3.5,0,10,61,0,30.07
0.589588378,56,17,8.5,3,10,61,6,30.06
0.265717675,63,27,13.5,1,10,65,25,29.97
0.052154195,64,27,11,1,10,55,21,29.99
1.042016807,55,14,2.5,0,8,93,6,30.21
0.737909516,56,30,8.3,1,10,100,7,30.06
1.02907916,51,28,5,1,10,89,5,30.12
0.613550816,57,28,12.1,1,10,86,0,30.23
0.852604828,78,29,6.6,3,10,72,6,29.97
0.146726862,64,26,10.1,4,10,65,8,29.98
0.057142857,52,26,13.4,1,10,59,17,30.01
1.043771044,52,6,1.1,0,10,71,0,30.24
0.159006211,74,29,6.7,3,10,70,5,29.94
0.437223043,64,28,6.4,0,10,49,0,30.26
0.588164251,60,18,11,3,10,90,9,29.99
0.751592357,56,27,17.5,2,10,83,17,30.21
0.46031746,61,29,14.4,1,10,80,20,29.95
0.82902829,62,29,14.2,1,10,83,10,29.87
0.145475372,62,30,7.2,1,10,70,8,30
0.35915493,60,27,21.5,4,4,90,21,30.09
0.056580566,62,29,14.2,1,10,65,23,29.9
1.050434783,53,27,9.4,4,8,90,8,29.97
0.132879046,59,9,9.5,3,10,48,17,30.31
0.427546628,65,28,11.1,2,10,81,8,29.99
0.059090909,62,27,8.6,3,10,56,13,29.96
0.745200698,47,20,8.7,0,10,65,6,29.97
0.313333333,61,29,9,2,10,65,17,29.86
0.399713467,52,28,6.3,2,10,67,14,30.07
0.386419753,62,29,11.5,4,9,84,7,29.87
0.167582418,66,29,7.3,1,10,70,5,30.02
0.167336011,62,29,10.1,3,9,73,7,30
0.062256809,62,29,6.4,3,10,31,3,29.97
0.709219858,48,27,6.3,0,10,79,3,30.16
0.06385696,61,27,15.8,2,10,68,23,29.86
0.064362336,59,27,16.8,1,10,51,22,30.15
0.619949495,62,30,12.1,4,10,90,5,29.99
0.506127451,55,26,14.8,1,10,74,21,29.99
0.5018226,54,27,15.2,2,10,66,14,30.16
0.351197263,59,27,10.9,4,9,83,11,29.93
0.146892655,62,26,14,4,10,75,14,29.96
0.668463612,55,27,16.1,1,10,89,3,30.15
0.063905325,58,28,15.8,2,10,54,21,29.96
1.020477816,57,12,2.8,2,8,93,0,30.19
0.880952381,64,28,9.7,3,10,81,7,29.76
0.056433409,64,26,10.1,3,10,55,16,29.98
0.576744186,60,26,13.6,4,10,90,8,29.9
0.46277205,73,30,10.4,1,10,68,18,29.82
0.830864198,62,29,11.5,3,10,87,6,29.87
0.742543171,65,15,13,4,10,84,15,30.03
0.35206422,61,31,8,4,9,83,0,29.91
0.45261669,50,28,5.9,1,10,79,0,30.05
0.765786452,60,30,11.4,0,10,83,10,29.84
0.455192034,49,29,13.2,1,10,53,14,30.07
0.393670886,71,29,9.8,4,0.25,100,5,30.06
0.375539568,52,28,12.6,4,10,80,3,30.14
0.13509061,50,28,18.7,2,10,69,18,30.11
0.588374852,63,27,13.5,4,10,90,5,29.99
0.41130092,54,27,25.1,2,10,89,17,29.96
0.684757506,53,24,12.7,4,10,83,13,30
0.66779661,63,26,16.3,2,10,81,15,29.96
0.064398542,54,27,15.2,3,10,46,21,30.18
0.373292868,64,28,4,1,10,46,14,30.08
0.516351119,54,6,7.4,0,8,67,0,30
0.157248157,52,26,18,2,10,64,20,30.17
0.146482122,52,25,13,4,10,83,13,30.03
0.401290323,56,21,9.6,3,10,83,3,30.02
0.646666667,61,29,9,4,10,80,6,29.87
0.425925926,48,14,12.3,3,10,59,17,29.94
0.166878981,74,29,12.4,1,10,74,0,29.9
1.133790738,56,28,6.9,0,10,90,0,30.19
0.828125,51,12,4,0,10,69,3,30.25
0.591179976,66,27,12,4,10,87,3,30.02
0.167948718,54,27,15.8,3,10,67,10,29.89
0.662895928,65,31,8.6,1,10,84,9,29.84
0.820367751,50,28,5.9,0,10,77,7,30.06
0.373025516,54,27,15.2,1,10,74,16,30.18
0.730864198,57,26,10.4,3,10,69,8,29.96
0.07755102,63,21,7.3,3,10,61,9,29.98
0.052132701,63,28,13,1,10,63,24,29.97
0.720534629,54,27,15.2,1,10,77,10,30.17
0.627877238,54,27,18,1,10,80,14,29.97
0.808484848,55,27,12,1,10,77,7,30.18
0.208474576,55,34,2.1,4,4,90,0,29.88
0.424347826,53,27,9.4,2,6,89,3,29.95
0.396084337,55,14,6.9,3,10,86,3,30.05
0.758229285,64,26,8,4,10,81,6,29.91
0.282424242,55,27,12,4,10,50,14,30.07
0.801925722,59,28,12.4,2,10,86,16,29.96
0.756207675,62,27,11.2,3,10,81,7,29.94
0.459367946,63,29,9.8,2,10,67,13,29.87
0.512733447,56,29,7.2,3,10,78,11,30.11
0.555936073,58,27,11.8,4,10,90,10,29.98
0.784222738,59,27,16.1,4,10,93,15,29.98
0.74912892,47,28,21.1,4,8,90,15,29.64
0.921597633,53,27,11.1,3,10,90,9,30.14
0.748691099,47,13,3.6,4,10,93,5,29.91
0.660465116,55,29,9,3,10,93,15,30.16
0.791914388,61,28,15.3,0,10,83,18,30.05
0.255656109,65,31,8.6,1,10,55,15,29.8
0.060565276,57,27,15.7,1,10,60,17,30.02
0.819178082,63,27,14.4,1,10,84,11,29.96
0.409246575,53,28,6.9,4,0.25,100,3,30.14
0.563151796,57,30,10.4,2,10,86,6,29.9
0.711388456,49,22,7.7,2,10,77,9,30.09
0.40077821,76,30,6.9,0,10,70,0,29.84
0.74556962,71,29,9.8,3,10,61,9,29.98
0.550408719,49,29,22.1,1,10,61,26,30.26
0.063380282,60,27,21.5,2,10,65,28,30.07
0.370892019,62,27,12.8,4,10,90,6,29.9
0.493955095,44,30,5.2,3,10,50,13,30.04
1.02134647,47,32,6.6,1,10,77,7,30.01
1.056506849,49,11,6.6,0,6,93,5,30.22
0.635416667,77,29,8.5,0,10,70,7,29.76
0.891534392,57,27,12.6,0,10,77,6,30.11
0.665914221,62,27,11.2,4,10,78,13,29.95
0.125567322,54,32,1.3,3,10,69,5,30.19
0.636245111,75,30,8.6,1,10,73,3,29.78
0.89747004,54,28,19.6,1,10,86,21,29.92
0.683967705,52,25,13,4,9,83,10,30.02
0.776119403,62,30,14.7,1,10,87,11,29.86
0.479240807,63,27,13.5,3,10,81,13,29.96
0.384806974,75,31,5.5,1,10,78,3,30.06
0.685950413,63,5,2,1,10,90,0,30.06
0.165551839,55,13,1.5,1,10,37,3,30.09
0.06614786,76,30,6.9,0,10,62,6,29.79
0.731481481,60,29,11.3,1,8,93,9,30.05
0.615869018,52,27,17.2,2,10,83,17,30.23
0.146002317,57,30,10.4,2,10,70,5,29.93
0.389589905,63,16,12.8,4,3,87,15,29.88
0.420382166,55,16,10.3,4,10,90,8,29.91
0.431924883,46,22,10.4,3,10,61,11,30.18
0.575406032,59,27,16.1,4,10,93,11,29.97
0.691376702,54,32,1.3,2,10,75,0,30.05
0.973478939,49,22,7.7,3,10,89,15,30.09
0.086158192,65,29,6.9,2,10,50,9,30.01
1.072463768,58,27,10.2,3,10,86,15,29.88
0.947284345,53,30,3.8,0,10,74,6,30.22
0.558486239,61,31,8,4,10,90,0,29.87
1.003215434,54,7,1.8,0,10,77,0,30.22
0.434276206,55,4,2.4,3,10,77,3,29.99
1.023931624,55,7,2.3,0,10,80,0,30.17
1.131849315,53,28,6.9,4,10,80,9,30.15
0.259259259,61,28,14.6,1,10,70,26,29.97
0.402887139,64,31,5.8,4,9,87,0,29.77
1.104651163,57,29,9.3,1,7,93,11,30.12
0.456486043,47,32,6.6,1,10,51,6,30.12
0.39245283,63,29,9.8,2,9,87,7,29.99
0.973770492,66,10,6.5,0,10,90,3,30.1
0.995305164,46,22,10.4,3,9,80,17,30.11
0.125,55,14,6.9,3,10,83,6,30.05
0.570114943,60,30,13,1,10,93,10,30
0.67281106,62,30,13.7,1,10,93,15,29.97
0.164765526,50,29,26.6,1,10,47,28,29.95
0.12369338,45,12,1.3,2,10,80,3,30.42
0.162874251,66,27,12.9,3,10,57,11,30.04
0.709265176,53,20,4.5,2,10,96,7,29.97
1.062827225,47,13,3.6,3,10,86,0,29.9
1.006329114,55,32,5.3,1,10,86,8,29.84
0.553551297,59,26,18.8,1,10,86,11,29.71
0.386223862,62,29,14.2,1,9,84,8,29.92
0.35705951,74,30,9,0,10,70,0,29.89
0.351015801,66,29,11,1,10,78,5,29.87
0.504273504,52,26,16.8,2,10,69,11,30.03
0.763727121,55,4,2.4,4,10,77,3,29.98
0.05524239,62,26,14,3,10,70,17,29.95
0.404761905,53,24,3.9,4,10,86,3,30.25
0.364896074,64,30,13.1,2,10,84,8,29.91
0.8,49,17,3.5,3,10,93,9,30.27
0.721649485,53,33,3.7,4,5,93,0,30.18
0.448033708,52,27,11.5,4,10,83,0,30.16
0.056433409,64,26,9.6,2,10,47,14,29.98
0.373934227,53,27,14.5,1,10,71,14,30.11
0.657643312,55,29,13.3,3,10,83,5,30.01
0.644562334,61,29,11.4,4,10,87,3,29.85
0.259860789,59,27,16.1,2,10,72,22,29.98
0.149765991,49,22,7.7,3,10,72,8,30.12
0.765039728,61,27,15.1,3,10,78,8,29.98
0.436300175,51,14,10.4,4,10,83,5,29.82
0.144992526,57,17,14.6,4,10,84,18,30.07
0.787061995,55,27,16.1,2,10,86,25,30.1
0.803804994,64,27,11.5,4,10,87,10,29.98
0.168350168,52,6,1.1,0,6,80,8,30.18
0.567346939,63,21,7.3,4,10,81,11,29.98
0.475294118,65,27,13.6,3,9,81,17,29.86
0.825862069,51,3,3.6,1,9,77,3,30.17
0.7,63,32,13.4,0,10,41,13,30.1
0.528277635,69,28,7.5,0,10,36,15,29.83
1.130662021,45,12,1.3,3,10,77,0,30.39
0.827826087,53,27,9.4,4,10,80,29,29.86
0.823630137,53,28,6.9,3,10,80,9,30.12
0.507853403,47,13,3.6,3,10,69,5,29.9
0.104524181,56,30,8.3,3,8,78,5,29.99
0.328275862,69,29,8.7,0,10,37,21,29.9
0.079452055,63,27,14.4,2,10,65,20,29.97
0.150537634,64,28,10.1,4,10,84,3,30.16
0.176744186,55,29,9,4,3,87,3,30.2
0.46214511,63,16,12.8,4,4,90,14,29.97
0.602469136,57,26,10.4,2,10,80,9,29.9
1.063227953,55,4,2.4,4,10,83,7,30
0.992199688,49,22,7.7,3,10,89,7,30.1
0.350456621,58,27,11.8,4,10,83,7,30
1.077441077,52,6,1.1,0,8,77,0,30.19
0.056234719,63,26,19.3,1,10,63,21,29.99
0.649045521,55,10,3.1,3,10,80,5,30.06
0.063063063,53,20,8.8,4,10,64,17,29.97
0.149821641,61,28,15.3,0,10,54,14,30.03
0.184531886,49,29,13.5,0,10,43,18,30.38
0.914749662,52,27,10.7,1,10,77,8,30.27
0.439728353,61,13,5.3,0,10,80,9,30.3
0.465986395,63,27,16,1,10,72,16,29.9
0.700471698,56,27,19,0,10,74,20,30.05
0.756207675,64,26,10.1,4,10,78,8,29.93
0.797169811,63,26,11.6,4,10,87,7,29.89
0.6,66,30,9.3,2,10,90,5,29.98
0.885630499,61,31,14.6,0,10,25,9,30.04
0.453703704,60,29,11.3,1,9,96,6,30.08
0.663276836,62,30,13.3,0,10,78,6,29.82
0.158508159,59,26,13.1,4,10,78,10,29.97
1.054006969,45,16,7.8,2,10,68,8,29.91
0.258173619,61,27,15,3,10,73,20,29.92
0.148235294,58,27,16.6,3,10,50,13,30.06
0.681073025,55,27,5.3,3,10,77,8,30.08
0.721498371,54,10,4.8,0,10,86,6,30.3
0.116045845,52,28,6.3,1,10,80,6,30.15
0.4002574,53,20,8.8,4,10,74,8,30.02
0.549071618,61,29,11.4,1,10,87,18,29.83
0.12406577,57,17,14.6,4,9,87,26,30.07
0.615769712,62,28,11.6,2,10,87,3,29.87
0.636363636,52,27,7.3,4,9,96,10,30.11
0.727115717,50,27,6.6,2,5,89,6,30.16
0.704626335,58,28,16.8,2,10,80,11,29.98
0.421122995,59,28,12.1,0,9,83,5,30
0.540575916,62,29,14.9,1,10,87,22,29.73
0.553047404,62,27,11.2,4,10,72,3,29.93
1.001574803,50,23,9,3,10,77,15,29.83
0.180481283,59,28,12.1,0,9,78,6,30
0.051428571,62,28,16.1,2,10,55,20,30.07
0.271777003,57,27,12.3,2,10,56,17,29.92
0.299472296,56,27,19.3,0,10,60,26,29.95
0.442307692,56,32,3.1,1,10,58,8,29.97
0.651006711,60,28,12.6,4,10,87,7,29.97
0.270758123,67,30,9.8,1,10,55,16,29.95
0.128027682,51,25,10.3,4,3,93,6,29.93
0.485759494,62,23,8.1,2,10,73,13,30.06
0.146341463,57,27,12.3,2,10,56,11,29.97
0.751295337,46,4,4.2,4,10,74,3,30.2
0.746732026,49,27,4.7,1,10,90,13,30.3
0.394302849,56,15,9.4,4,3,93,10,29.96
0.500818331,60,28,6,1,10,75,20,30.11
1.036206897,51,3,3.6,1,10,68,0,30.22
0.632600259,73,29,7.9,0,10,78,6,29.86
0.440068493,49,11,6.6,4,0.25,96,0,30.27
0.936857562,55,10,3.1,4,10,83,0,29.97
0.150112867,70,30,9.7,0,9,71,3,29.92
0.34870317,66,28,10.5,1,10,70,22,30.05
0.673587082,64,30,13,1,10,90,13,29.91
0.101071975,68,29,4.9,1,10,53,3,30
0.962962963,48,14,12.3,2,10,86,6,29.98
0.55819209,65,32,8.1,1,10,87,6,29.79
0.511784512,56,17,4,1,10,50,0,29.99
0.766536965,76,30,6.9,0,10,33,5,29.77
0.424615385,49,13,16.6,4,4,83,16,29.71
0.408547009,55,7,2.3,2,4,93,3,30.14
1.126956522,51,10,2.4,3,10,86,5,30.27
0.059023837,62,28,10.6,2,10,55,14,29.95
0.586592179,66,29,9.1,0,10,73,15,29.89
0.494809689,51,25,10.3,2,10,74,16,29.92
0.161716172,52,27,10,4,10,80,10,30.15
0.699401198,66,27,12.9,2,10,81,17,30.04
0.380246914,57,26,10.4,3,10,77,7,29.94
0.62170088,61,31,14.6,0,10,42,10,30
0.962722853,55,28,8.5,1,10,86,11,29.98
0.963691377,54,32,1.3,1,10,74,5,30.06
0.061357702,53,28,6,1,10,38,0,30.06
0.781355932,55,9,2.3,3,10,55,0,30.15
0.349152542,63,26,16.3,4,10,81,16,29.96
0.360413589,64,28,6.4,0,10,18,18,30.19
0.30282638,57,27,15.7,2,10,70,24,29.98
0.167346939,63,21,7.3,1,10,63,9,30
0.350282486,62,26,14,4,10,75,10,29.94
0.351747463,61,28,15.4,1,10,70,10,29.87
0.134680135,52,6,1.1,0,6,80,0,30.25
1.057591623,43,5,9.3,3,10,76,3,29.89
0.812173913,50,34,4.6,1,10,86,6,30.15
1.050933786,61,13,5.3,0,10,64,7,30.3
0.053047404,70,30,9.7,0,10,43,10,29.89
0.167803547,65,28,10.3,4,10,70,9,30.05
0.7003367,56,17,4,0,9,89,6,30.04
0.510067114,54,28,6,3,10,67,14,30.07
0.440414508,42,27,2.4,0,10,76,3,30.13
0.056497175,62,26,14,3,10,59,20,29.95
0.764172336,64,27,11,3,10,86,10,29.98
0.913103448,69,29,8.7,0,10,81,6,29.97
0.467592593,61,28,14.6,2,10,83,15,29.96
0.056737589,48,27,6.3,1,10,45,3,30.14
0.816203144,73,30,10.3,0,10,78,5,29.88
0.135179153,54,10,4.8,0,10,49,9,30.37
0.86770428,76,30,6.9,0,10,73,0,29.83
0.597104946,71,29,9.7,0,10,87,0,29.93
0.158612144,61,29,13.4,1,10,61,16,29.9
0.363218391,60,30,13,1,10,90,8,30.04
0.350340136,63,27,16,2,10,67,16,29.97
0.116928447,49,26,9.2,3,9,80,8,30.32
0.682242991,60,29,15,1,10,93,16,29.99
0.43728223,45,12,1.3,2,10,93,0,30.37
0.820950061,67,28,21.2,2,10,78,14,29.95
0.950980392,51,27,12.9,4,10,77,15,30.08
0.438518519,65,29,4.9,0,10,75,0,30.18
0.663646659,64,29,12.3,1,10,81,10,29.93
0.290978399,78,29,6.6,4,10,19,20,29.91
0.594627595,52,26,16.8,4,10,74,10,29.99
0.715361446,56,27,11.5,4,10,83,7,30.05
0.289836888,57,28,12.1,2,10,63,26,30.17
0.469248292,61,28,12.9,3,10,75,20,29.89
0.764172336,61,29,14.4,2,10,81,7,29.92
0.061059908,56,28,10.6,1,10,63,20,29.92
0.168555241,66,29,7.8,3,10,71,3,29.98
0.576512456,58,28,16.8,0,10,86,8,29.94
0.38770389,57,28,12.1,1,10,83,0,30.26
1.06445993,45,12,1.3,1,10,83,0,30.32
0.653439153,57,27,12.6,0,10,74,5,30.09
0.462328767,62,28,13.3,3,10,81,11,30
0.959124088,57,29,17.6,0,10,69,16,29.98
0.119533528,57,19,20.8,4,8,90,11,29.91
0.841051314,62,28,11.6,3,10,81,6,29.87
0.485915493,60,27,21.5,4,6,90,28,30
0.148148148,48,14,12.3,3,10,64,15,29.99
1.064236111,48,30,4.1,3,7,96,7,30.2
0.67057101,59,14,9.9,4,10,90,3,29.92
0.208053691,54,28,6,2,10,70,3,30.1
1.130662021,47,29,4.9,3,10,74,0,30.32
0.441616766,70,31,4.4,2,10,81,0,30.05
0.787682334,55,28,8.5,3,10,78,9,30.09
0.511830635,75,31,5.5,2,10,32,15,29.95
1.058419244,49,1,3.8,4,8,93,5,30.26
1.050434783,49,29,15.9,3,10,72,22,29.84
0.80762565,47,3,3.8,0,4,86,5,30.08
0.050516648,62,30,14.7,1,10,59,18,29.96
0.150898204,64,23,7.3,4,10,87,0,30.09
0.301886792,55,27,16.1,3,10,62,24,30.1
0.771428571,62,28,16.1,3,10,90,9,30.01
0.265981735,58,27,11.8,3,10,70,18,29.92
0.357894737,71,30,6.4,1,10,73,0,29.88
0.515625,50,29,4.9,3,6,78,0,30.04
0.85133418,55,27,19.6,2,10,90,13,30.17
0.676035503,53,27,11.1,2,10,74,13,30.21
0.416234888,50,27,6.6,2,4,96,6,30.13
0.295336788,56,18,9.9,3,10,60,20,29.92
0.965944272,49,21,8.1,4,8,80,10,30.02
0.781690141,60,27,21.5,1,10,80,16,30.07
0.385276074,65,30,11.1,1,10,78,0,29.93
0.176068376,56,8,6.9,0,10,41,5,30.49
0.75678733,62,26,10.5,4,10,81,8,29.94
0.492227979,46,4,4.2,4,1.5,96,5,30.18
0.662182362,57,17,14.6,4,10,90,6,30.01
0.517632242,52,27,17.2,2,10,74,29,30.22
0.676940639,58,27,11.8,4,10,83,10,29.95
0.558823529,65,31,8.6,4,10,75,5,29.82
0.568155785,70,28,10.6,1,10,86,6,30
0.5606469,59,28,12.7,1,10,80,14,29.95
0.149112426,58,28,15.8,2,10,59,16,29.98
0.470862471,59,26,13.1,4,10,81,15,29.95
1.137870855,43,29,2.3,2,10,63,5,30.27
0.256207675,63,29,9.8,1,10,57,16,29.87
0.128834356,51,15,12.6,4,8,89,9,29.56
1.113989637,42,27,2.4,3,10,74,0,30.24
0.171130952,68,29,6.4,0,10,65,6,30.08
0.129533679,42,27,2.4,2,10,71,0,30.21
0.116883117,52,27,7.3,3,10,80,3,30.18
0.400337838,55,36,3.3,3,8,83,0,30.04
0.111304348,49,29,15.9,2,10,57,15,29.92
0.155067155,52,26,16.8,3,10,64,21,29.99
0.580645161,64,28,10.1,3,10,93,3,30.1
0.706302021,61,28,15.3,1,10,77,14,29.96
1.062283737,51,25,10.3,4,1.5,96,3,30.03
0.713826367,54,7,1.8,0,10,80,5,30.21
0.153583618,64,28,17.7,1,10,53,11,29.95
0.707985697,59,27,16.8,0,10,77,17,30.08
0.075983718,60,26,7.9,0,10,49,15,30.02
0.673211781,61,30,12.3,1,10,93,8,29.91
0.256207675,70,30,9.7,0,10,34,21,29.86
0.440298507,69,29,4.1,1,10,72,0,30.06
0.784222738,59,27,13.7,4,10,90,15,29.96
0.705185185,65,29,4.9,0,10,61,3,30.16
0.064009662,60,18,11,4,10,81,20,30.08
0.531694696,73,29,7.9,0,10,53,14,29.81
1.12585034,53,24,3.9,2,8,96,0,30.22
0.460264901,54,32,2.7,4,3,96,0,30.02
0.147713951,58,29,12.9,1,10,70,14,29.96
1.139616056,47,20,8.7,3,10,80,14,30.22
0.369434416,59,23,9.8,4,4,93,13,30.1
0.583433373,61,20,8.1,3,10,96,5,30.08
0.398195876,72,29,6.8,0,10,54,0,29.9
0.459977452,61,28,15.4,1,10,67,20,29.87
0.052213394,61,27,15.1,3,10,72,18,30.03
0.489721886,73,30,10.3,2,10,78,18,29.91
0.387218045,59,30,8.3,4,1.75,96,6,30.15
0.731369151,49,6,6.4,1,10,93,3,30.16
0.130434783,49,22,6,2,10,77,5,30.2
0.413080895,54,6,7.4,4,5,80,13,30.06
0.390365449,57,29,9.3,1,10,93,7,30.14
0.55126498,60,28,11.7,3,10,80,13,29.88
0.06482593,61,20,8.1,4,10,66,13,30.04
0.654054054,62,24,9.6,4,10,72,7,29.99
0.061760841,54,27,25.1,3,10,75,32,29.96
0.113240418,46,21,8.9,3,9,77,9,29.81
0.170087977,61,31,14.6,0,10,34,20,29.98
0.256586483,70,28,10.6,0,10,34,23,29.91
0.282082324,56,17,8.5,4,7,93,13,29.91
0.151181102,50,23,9,4,10,77,10,29.91
0.782085561,59,28,12.1,2,10,83,20,29.94
0.281637717,64,28,12.3,1,10,65,21,29.9
0.529639175,72,29,6.8,0,10,65,11,29.84
0.349887133,64,26,10.1,4,10,81,8,29.96
0.125217391,51,10,2.4,3,10,86,8,30.39
0.837988827,66,29,9.1,1,10,81,5,29.92
0.06495098,55,26,14.8,1,10,52,14,30.04
0.168776371,62,28,8.4,3,10,75,5,29.98
0.350620068,63,27,23.3,1,10,75,8,29.77
0.752052545,47,32,6.6,0,10,71,8,30.2
0.064242424,55,27,12,3,10,44,15,30.15
0.515625,51,12,4,1,9,78,6,30.26
0.158878505,60,29,15,1,10,70,14,29.99
1.059336824,47,20,8.7,0,10,63,7,29.92
0.604708798,61,29,13.4,0,10,72,7,29.83
0.422252011,62,28,9.9,1,10,83,6,30.01
0.202229299,55,29,13.3,3,10,55,18,30.12
0.700842697,52,27,11.5,4,10,89,7,30.15
0.60621118,74,29,6.7,2,10,68,3,29.93
0.501639344,66,10,6.5,1,10,27,7,30.04
0.168055556,67,29,9.3,2,10,63,7,29.95
0.436708861,55,32,5.3,2,10,69,11,29.85
0.949421965,65,28,10.2,2,10,93,14,30.12
0.813913043,51,10,2.4,2,10,80,3,30.27
0.48854041,71,29,9.7,2,10,73,15,29.85
0.379061372,67,30,9.8,0,8,81,0,30.02
0.276283619,63,26,19.3,1,10,65,23,29.96
1.040201005,55,14,1.9,0,10,80,0,30.25
0.06271777,57,27,12.3,2,10,52,16,29.95
0.492753623,58,27,10.2,4,6,93,10,29.93
0.077762619,65,28,10.3,2,10,63,11,30.03
0.174045802,69,31,4.3,0,10,63,5,30.06
0.43554007,47,28,21.1,4,10,93,24,29.67
0.293742018,61,27,15.8,2,10,73,20,29.83
0.386541471,59,16,8.6,4,7,84,8,29.88
0.061200924,53,24,12.7,4,9,69,17,29.97
0.060846561,57,27,12.6,3,10,45,16,30.07
0.060849598,60,30,11.4,1,9,63,17,29.86
0.384803922,67,30,8.5,0,10,78,0,29.96
0.19858156,48,27,6.3,1,10,71,3,30.2
0.927325581,54,20,17.3,3,9,89,9,29.88
0.668820679,57,28,19.3,3,10,83,24,29.85
0.428338762,54,10,4.8,1,10,53,14,30.33
0.640060241,56,27,11.5,4,10,86,15,30.08
0.381729201,60,28,5.9,4,9,87,0,30.3
0.300802139,59,28,12.1,3,10,67,20,29.91
0.481525626,66,27,12,1,10,73,18,29.97
0.269053118,53,24,12.7,4,8,77,18,29.96
0.352873563,60,30,10.5,1,9,78,3,29.9
0.366467066,64,23,7.3,4,9,90,7,30.06
0.795294118,65,27,13.6,4,10,84,7,29.85
0.790257104,52,27,10.7,2,10,86,11,30.18
0.20173913,53,27,9.4,3,9,67,8,29.9
0.579261025,59,27,16.8,4,5,96,14,30.16
0.718137255,67,30,8.5,1,10,81,13,29.92
0.803108808,42,27,2.4,3,10,68,8,30.22
0.996805112,53,20,4.5,2,10,61,0,29.99
0.902040816,63,21,7.3,1,10,78,3,29.99
1.003367003,56,17,4,0,10,93,5,30.07
0.051044084,59,27,16.1,3,10,73,23,30.02
0.564450475,60,26,7.9,1,10,65,8,29.96
0.670493685,62,30,14.7,1,10,93,15,29.99
0.792808219,49,11,6.6,1,10,45,10,30.32
0.820638821,52,26,18,1,10,83,14,30.08
0.375572519,69,31,4.3,0,10,26,11,29.97
0.060321716,62,28,9.9,1,10,41,14,30.01
0.410222805,51,28,18,1,10,71,13,30
1.140381282,49,6,6.4,0,10,80,0,30.35
0.664036077,62,26,14,3,10,84,11,29.88
1.099173554,63,5,2,2,9,75,0,30.09
0.708074534,49,22,6,4,10,74,6,30.15
0.36,58,27,16.6,3,10,49,0,30.04
0.871387283,65,28,10.2,0,10,81,11,30.05
0.719271624,64,28,4,0,10,86,3,30.17
0.886817577,60,28,11.7,3,10,90,13,29.87
0.759593679,70,30,9.7,0,10,80,9,29.88
0.062820513,54,27,15.8,1,10,58,8,29.88
0.392676768,62,30,12.1,4,9,87,5,30.02
0.167567568,62,24,9.6,4,10,63,10,30.07
0.497560976,57,28,10.2,3,10,72,15,30.24
0.481955763,59,28,14.4,1,10,72,9,29.93
0.30952381,64,28,9.7,1,10,63,18,29.8
0.393124066,57,17,14.6,4,8,87,25,30
0.556433409,70,30,11.6,1,10,72,10,29.84
0.155784651,73,30,10.4,0,10,64,5,29.86
0.158756137,47,36,6,1,10,35,5,30.48
0.206837607,55,7,2.3,2,8,75,6,30.12
0.409937888,49,22,6,2,10,86,0,30.14
0.756207675,64,26,9.6,3,10,81,8,29.97
0.160647572,75,31,5.5,1,9,73,7,30.05
0.34620887,64,26,14.4,2,10,70,15,29.88
0.671963678,62,28,10.6,2,10,81,9,29.96
0.35480226,65,32,8.1,1,10,75,0,29.81
0.82396088,63,26,19.3,2,10,72,18,29.96
0.720787208,62,29,14.2,3,10,87,13,29.88
0.145675266,53,16,3,2,10,72,3,30.18
0.735990037,75,31,5.5,0,10,44,0,29.98
0.165206508,62,28,11.6,2,10,63,10,29.94
0.506108202,51,14,10.4,4,10,72,10,29.78
0.978461538,49,13,16.6,4,5,93,7,29.62
0.98757764,49,22,6,4,10,71,13,30.1
0.462328767,61,28,14.6,2,10,75,20,29.96
0.277300613,65,30,11.1,1,10,51,22,29.85
0.361275089,57,27,23.5,2,10,77,14,30.01
0.088379705,60,28,6,1,9,93,5,30.23
0.586040915,59,23,9.8,4,10,87,11,30.09
0.478612717,59,27,10.2,4,8,83,14,29.92
0.523627075,61,27,15.8,3,10,84,17,29.85
0.905688623,70,31,4.4,0,10,48,3,29.99
0.064713065,52,26,16.8,3,10,66,23,30.02
0.358823529,63,32,13.4,0,10,29,17,30.13
0.145952109,59,27,10.9,3,9,70,14,29.93
0.057823129,63,27,16,1,10,55,21,29.96
0.058984911,54,27,15.6,1,10,75,20,29.94
0.773109244,55,14,2.5,0,10,58,0,30.25
0.163636364,66,30,9.3,1,10,70,7,30.03
0.717917676,56,17,8.5,4,10,90,17,29.98
0.25717566,62,30,14.7,1,10,68,23,29.94
0.256235828,64,27,11,1,10,57,17,29.97
0.701538462,49,13,16.6,4,4,93,14,29.64
0.961876833,61,31,14.6,0,10,32,14,29.92
0.185286104,49,29,22.1,2,10,59,29,30.18
0.054114994,65,26,8.6,1,10,51,5,29.91
0.063157895,71,30,6.4,0,10,58,3,29.86
0.657789614,54,28,19.6,4,10,93,23,29.9
0.5,56,17,8.5,4,3,90,14,29.92
0.087018545,65,19,8.5,3,10,63,0,29.83
0.553047404,64,26,9.6,4,10,70,6,29.96
0.698823529,58,27,16.6,1,10,69,26,30.11
0.706779661,55,34,2.1,3,10,83,6,29.89
0.507853403,48,26,8.9,3,10,71,11,29.88
0.360849057,56,27,19,2,10,80,14,30.06
0.412483039,60,26,7.9,1,10,83,0,30.02
0.283800244,53,27,14.5,1,10,49,23,30.13
0.063989962,57,28,12.1,3,10,42,14,30.21
0.30876217,59,20,8.6,3,10,70,16,30.25
0.880291971,57,29,17.6,0,10,46,13,29.93
0.50921273,55,28,6.6,1,10,60,11,30.08
0.553167421,62,26,10.5,4,10,90,7,29.93
0.785137318,57,28,19.3,2,10,83,15,29.91
0.89261745,60,28,12.6,3,10,86,9,29.99
0.084935897,60,30,4.6,0,10,62,8,30.35
0.928270042,62,28,8.4,4,10,90,8,29.97
0.100854701,55,7,2.3,2,6,83,5,30.16
0.35214447,66,30,11.5,0,9,72,6,29.73
0.051369863,61,28,14.6,3,10,65,21,30.01
0.651917404,52,32,5.2,1,10,74,5,30.21
0.151412429,65,32,8.1,1,10,73,7,29.82
0.381924198,57,19,20.8,4,3,93,17,29.91
0.261988304,63,30,13,2,10,65,24,29.93
0.827526132,46,21,8.9,3,10,93,8,29.82
0.668055556,67,29,9.3,0,10,80,6,29.9
0.904069767,54,20,17.3,3,10,75,20,29.94
0.43826087,51,10,2.4,2,10,89,0,30.37
0.276269185,57,27,23.5,1,10,70,36,30
0.303934871,49,29,13.5,1,10,57,28,30.3
0.315436242,60,28,12.6,1,10,70,22,29.92
0.507512521,57,27,6.6,2,10,72,14,30.2
0.510532838,61,29,13.4,2,10,80,22,29.85
0.165809769,69,28,7.5,0,10,33,0,29.91
0.404761905,64,28,9.7,4,10,78,7,29.8
0.169032258,56,21,9.6,3,10,72,11,30.08
0.176287051,56,30,8.3,3,7,83,3,30.07
0.296915167,69,28,7.5,0,10,20,23,29.85
0.730769231,56,32,3.1,1,10,46,0,29.97
1.134380454,51,14,10.4,4,10,75,22,29.72
0.084388186,62,28,8.4,2,10,63,15,29.94
1.09556314,48,3,2.7,1,10,77,0,30.31
0.423512748,66,29,7.8,2,10,75,0,29.98
0.758465011,66,30,11.5,0,10,77,9,29.73
1.02640264,52,27,10,4,5,96,8,30.09
0.256235828,61,29,14.4,2,10,63,23,29.94
0.567375887,48,27,6.3,1,10,61,17,30.07
0.305898491,54,27,15.6,3,9,83,24,29.91
0.809580838,66,27,12.9,3,10,78,5,29.96
0.464932127,62,26,10.5,4,10,72,14,29.96
0.153583618,62,27,12.9,1,10,65,18,29.96
0.278903456,59,27,16.8,1,10,52,26,30.09
0.665914221,64,26,10.1,2,10,81,8,29.99
0.711377246,64,23,7.3,4,10,90,11,30.12
0.631917632,53,20,8.8,4,10,77,5,30.03
0.692667707,49,22,7.7,2,10,86,6,30.12
0.311706629,51,28,9.5,1,10,72,20,30.1
0.802980132,64,9,1.2,1,10,70,0,30.09
0.75678733,62,26,11.2,4,10,78,7,29.88
0.401438849,52,28,12.6,3,10,64,18,30.1
0.555555556,62,29,10.1,1,10,78,18,29.97
0.728171334,50,28,18.7,3,10,69,21,30.11
0.93079096,65,29,6.9,0,10,81,5,29.98
0.404479578,63,21,10.5,4,10,81,8,29.78
0.159250585,61,29,14.2,1,10,70,14,29.95
0.77532014,59,29,15.6,1,10,90,13,29.9
0.953376206,62,30,5.2,0,10,86,0,30.24
0.318059299,59,28,12.7,2,10,67,20,29.92
0.26843318,56,28,10.6,1,10,62,16,29.89
0.728434505,53,20,4.5,4,10,75,3,29.89
0.761581921,65,32,8.1,0,10,78,6,29.81
0.795698925,64,28,10.1,3,10,90,10,30.11
0.353273138,70,30,9.7,1,10,75,0,29.91
0.261312217,62,26,10.5,3,10,61,13,29.95
0.146682189,59,29,15.6,2,10,72,18,29.9
0.105180534,65,15,13,3,10,61,18,30.1
0.545087483,57,27,15.7,2,10,77,22,29.97
0.492102066,71,29,12.5,3,10,53,14,29.93
0.261904762,61,26,14.2,3,10,67,18,29.88
0.05524239,59,26,18.8,3,10,63,20,29.79
0.524358974,54,27,15.8,2,10,71,25,29.89
0.820244328,51,14,10.4,4,10,77,6,29.77
0.544474394,55,27,16.1,2,10,83,31,30.07
0.439862543,49,1,3.8,4,5,89,3,30.26
0.797250859,49,1,3.8,0,9,86,6,30.17
0.432809773,43,29,2.3,1,10,82,0,30.36
0.981481481,48,14,12.3,3,10,66,14,29.86
0.159624413,62,27,12.8,3,10,75,13,29.9
0.097014925,69,29,4.1,0,10,54,0,30.03
0.268742791,52,25,13,4,9,77,18,29.99
0.167315175,76,30,6.9,0,10,64,3,29.85
0.740219092,59,16,8.6,3,10,90,5,29.87
0.490415335,53,30,3.8,4,10,52,8,30.25
0.514529915,55,7,2.3,2,6,75,0,30.09
0.77617801,62,29,14.9,1,10,90,13,29.75
0.808333333,54,27,5.7,3,10,90,10,30.14
0.613933237,66,27,12.6,0,10,72,9,29.9
0.362801378,62,30,14.7,1,10,84,10,29.93
0.151898734,55,32,5.3,3,10,77,0,29.85
0.050749712,64,30,13,3,10,53,16,29.91
0.988372093,57,29,9.3,1,10,81,0,30.11
0.696365768,58,29,12.9,0,10,77,8,29.89
0.982677165,50,23,9,1,10,89,3,29.86
0.747008547,56,8,6.9,0,10,64,14,30.43
0.968980798,64,28,6.4,1,10,21,0,30.21
0.771838331,75,30,8.6,0,10,65,8,29.76
0.408299866,62,29,10.1,4,10,84,5,29.97
1.088285229,61,13,5.3,0,10,57,0,30.24
1.031561462,53,2,2.6,4,8,83,5,29.98
0.554176072,66,29,11,2,10,87,0,29.85
0.063909774,59,30,8.3,1,10,49,14,30.09
0.633548387,56,21,9.6,3,10,86,10,29.98
0.472175379,55,12,2,0,10,56,0,30.19
0.79760479,64,23,7.3,4,8,90,8,30.01
0.084664537,53,30,3.8,3,10,67,3,30.27
0.143491124,53,27,11.1,3,10,75,14,30.21
0.15704388,64,30,13.1,1,10,68,7,29.91
0.088962109,69,14,5,0,10,30,7,30.14
0.634532374,52,28,12.6,2,10,71,9,30.14
0.46275395,64,26,10.1,2,10,70,13,29.97
0.069553806,64,31,5.8,1,10,59,10,29.75
0.265402844,63,28,13,2,10,73,20,29.97
1.117845118,56,17,4,0,10,77,0,30.05
0.071904128,60,28,11.7,1,10,68,16,29.88
0.397306397,56,17,4,1,9,96,5,30.04
0.729064039,53,27,24.4,2,10,77,17,30.07
0.948126801,66,28,10.5,4,10,93,7,30.04
0.769331586,51,28,18,0,10,71,14,30
0.900297619,68,29,6.4,0,10,70,7,30.03
0.120418848,48,26,8.9,1,10,69,9,29.91
0.718787879,55,27,12,4,10,53,5,30.09
0.363852556,61,28,15.3,0,10,72,0,30.03
0.670068027,61,26,14.2,4,10,75,13,29.89
1.036206897,54,15,3.5,0,10,83,5,30.11
0.473623853,61,31,8,2,9,80,14,29.9
0.778801843,62,30,13.7,1,10,93,13,30.01
0.401564537,75,30,8.6,1,10,52,3,29.81
0.266285714,61,26,11.2,2,10,63,18,29.97
0.082058414,66,29,10.7,1,10,50,13,29.91
0.639130435,50,18,7.9,2,10,83,5,29.91
0.062572422,57,30,10.4,2,10,56,16,29.9
0.069828722,63,21,10.5,1,10,63,15,29.76
0.158024691,57,26,10.4,3,10,70,5,29.96
0.350620068,62,26,14,4,10,84,11,29.94
0.656716418,60,26,7.9,1,10,86,0,29.99
0.204506066,49,6,6.4,1,10,55,7,30.23
0.060502283,58,27,11.8,3,10,65,14,29.95
0.76843318,56,28,10.6,4,9,86,8,30
0.82616179,54,6,7.4,0,8,83,5,30.02
0.493569132,62,30,5.2,1,10,55,11,30.11
0.131034483,49,17,3.5,4,8,86,6,30.3
0.671963678,64,26,8,3,10,78,6,29.96
0.326027397,63,27,14.4,2,10,70,24,29.96
0.937411095,67,27,9.5,3,10,84,10,29.94
0.12962963,48,14,12.3,3,10,80,11,30.04
0.573789847,57,27,23.5,1,10,80,20,29.96
0.657407407,60,29,11.3,1,6,93,17,30.08
0.697247706,51,18,11.8,3,10,83,6,30.02
0.55912744,60,30,11.4,1,10,86,9,29.85
0.685185185,48,14,12.3,3,10,89,7,29.98
0.613947696,68,29,9.2,4,10,90,0,29.91
0.474167623,60,30,11.4,2,10,80,11,29.85
0.452307692,68,29,4.6,0,8,80,0,30.05
0.354094579,52,25,13,4,9,86,11,30
0.675367047,60,28,5.9,4,10,96,8,30.27
0.051977401,65,32,8.1,1,10,62,8,29.81
0.264775414,62,28,12.8,2,10,70,24,29.92
0.833125778,75,31,5.5,0,10,61,3,30.04
0.415517241,54,15,3.5,1,6,86,6,30.17
0.097891566,56,27,11.5,2,10,72,21,30.05
0.168079096,65,29,6.9,2,10,70,3,30.05
0.668957617,73,30,10.4,1,10,81,11,29.87
0.793802145,59,27,16.8,4,7,93,17,30.16
0.168812589,64,26,14.4,3,10,81,13,29.84
0.415517241,51,3,3.6,1,10,86,0,30.24
0.266895762,62,30,7.2,3,10,55,14,29.96
0.378461538,68,29,4.6,0,10,28,6,29.98
0.703204047,54,15,2.7,0,9,89,5,30.05
0.681365576,67,27,9.5,4,10,87,6,29.92
0.555808656,61,28,12.9,3,10,80,7,29.88
0.559109875,59,20,8.6,3,10,87,8,30.26
0.474712644,60,30,10.5,1,10,70,20,29.84
0.565774156,59,28,14.4,2,10,90,5,29.94
0.156321839,60,30,13,1,10,73,13,30.05
0.359589041,61,28,14.6,1,10,75,10,29.99
0.160756501,62,28,12.8,3,10,75,13,29.99
1.013953488,55,29,9,1,9,93,8,30.16
0.404069767,54,20,17.3,3,10,55,24,29.86
0.208191126,57,12,2.8,2,10,75,0,30.12
0.258173619,63,27,23.3,2,10,65,36,29.73
0.575406032,59,27,13.7,4,10,90,13,29.96
0.78077374,58,29,12.9,4,10,96,14,30
0.285539216,55,26,14.8,1,10,62,22,30.02
1.024711697,50,28,18.7,4,10,71,16,30.15
0.405835544,61,29,11.4,4,8,84,3,29.87
0.459977452,67,29,10.7,0,10,65,18,29.73
0.142857143,57,19,20.8,4,1.5,86,22,29.9
0.285012285,52,26,18,1,10,64,28,30.15
0.060160428,59,28,12.1,1,10,55,11,29.94
0.790035587,58,28,16.8,0,10,83,17,29.95
0.176838811,59,16,8.6,4,7,84,0,29.9
0.488853503,55,29,13.3,3,10,64,22,30.13
0.100151745,64,28,4,1,10,46,3,30.13
0.986445783,56,27,11.5,3,10,83,0,30.05
0.663656885,66,30,11.5,1,10,80,13,29.78
0.764908257,61,31,8,1,10,90,8,29.88
0.671177267,52,27,10.7,0,10,83,0,30.25
0.825980392,67,30,8.5,0,10,83,3,29.94
1.011864407,55,34,2.1,3,10,80,3,29.94
1,56,32,3.1,0,9,80,0,30.14
0.541994751,64,31,5.8,1,10,73,6,29.72
0.19895288,43,5,9.3,3,10,74,7,29.97
0.691943128,63,28,13,2,10,84,10,30
0.760451977,62,30,13.3,0,10,84,9,29.8
0.72611465,55,16,10.3,2,10,80,14,29.9
0.841514727,61,30,12.3,2,10,90,11,29.96
0.555808656,60,28,12.2,3,10,93,3,29.92
0.366766467,70,31,4.4,1,10,24,11,29.96
0.839397742,57,28,12.1,1,10,80,11,30.24
0.05107832,62,27,15.8,0,10,51,22,30.03
0.826993865,65,30,11.1,1,10,83,7,29.9
0.668957617,70,28,10.6,0,10,65,9,29.89
0.060377358,63,29,9.8,1,10,66,6,29.96
0.630154639,72,29,6.8,0,10,49,0,29.87
0.805555556,60,18,11,3,10,87,10,29.97
0.515037594,59,30,8.3,1,10,75,10,30.05
0.207482993,53,24,3.9,4,10,83,5,30.24
0.854907539,67,27,9.5,2,10,90,16,29.92
0.675749319,49,29,22.1,4,10,77,20,30
0.368975904,56,27,11.5,3,10,83,18,30.05
0.307479224,58,28,9,2,10,78,15,30.24
0.191637631,47,28,21.1,2,10,57,28,29.81
0.063529412,58,27,16.6,3,10,40,24,30.07
0.350620068,59,26,18.8,2,8,75,6,29.75
1.003220612,54,32,1.9,0,10,86,0,30.13
0.370772947,60,18,11,4,10,81,5,30.04
0.101200686,56,28,6.9,3,9,81,9,30.2
0.870925684,75,30,8.6,1,10,57,6,29.78
0.197207679,47,20,8.7,3,10,74,8,30.13
0.085209003,62,30,5.2,0,9,84,3,30.22
0.35600907,61,29,14.4,4,9,81,9,29.94
0.127465857,53,16,3,1,10,83,6,30.22
0.73255814,53,2,2.6,4,4,93,0,29.98
1.10652921,49,1,3.8,0,7,86,8,30.16
0.097305389,70,31,4.4,1,10,61,5,30
0.094276094,56,17,4,1,8,72,7,30.06
0.364583333,68,29,6.4,1,10,34,18,30
1.125217391,50,34,4.6,1,10,93,7,30.19
0.678899083,51,18,11.8,4,4,80,14,29.74
0.132075472,48,4,3.8,3,2.5,83,5,30.22
0.666146646,56,30,8.3,2,10,90,11,29.94
0.145427286,56,15,9.4,4,4,90,7,29.99
0.464367816,60,30,13,1,10,83,20,29.99
0.310393258,52,27,11.5,1,10,72,24,30.09
0.993630573,55,16,10.3,2,10,72,8,29.89
0.480836237,57,27,12.3,2,10,75,11,29.91
0.194677871,51,27,12.9,4,10,66,17,30.08
0.668571429,62,28,16.1,0,10,78,17,30.05
0.42172524,53,20,4.5,4,6,89,5,29.97
0.175461741,56,27,19.3,1,10,54,10,30.02
0.153354633,53,20,4.5,4,4,78,0,29.95
0.052568698,66,26,14,1,10,59,17,30.01
0.785714286,64,28,9.7,1,10,84,8,29.85
0.161449753,50,28,18.7,3,10,72,21,30.05
0.828125,50,29,4.9,1,10,75,13,29.99
0.063511831,75,31,5.5,1,10,60,6,30
0.059023837,64,26,8,3,10,51,14,29.95
0.474178404,62,27,12.8,3,10,84,15,29.84
0.561849711,59,27,10.2,3,10,83,0,29.89
0.318918919,62,24,9.6,0,10,54,17,30.01
0.164725458,55,4,2.4,4,10,67,0,29.98
0.503484321,47,29,4.9,2,10,52,0,30.26
1.06445993,47,29,4.9,0,10,71,10,30.04
1.140869565,53,27,9.4,4,10,90,7,29.85
0.198019802,50,28,5.9,1,10,74,5,30.07
0.740680713,52,29,4.8,0,10,77,9,30.2
0.941269841,58,20,10.6,2,10,86,0,30.06
0.517721519,71,29,9.8,3,10,47,22,29.95
0.064209275,61,28,15.3,0,10,54,23,30.01
0.496991576,59,23,9.8,3,10,87,6,30.08
0.938253012,55,14,6.9,1,10,83,3,30.06
0.823734729,49,12,5.1,4,4,100,10,29.9
0.20173913,49,29,15.9,3,10,51,20,29.87
0.164794007,63,29,14.7,2,10,73,17,29.89
0.177954847,57,32,15.4,1,10,36,13,30.11
0.770547945,62,28,13.3,4,10,90,18,29.99
0.768792711,60,26,14.7,3,10,83,16,29.95
0.664399093,61,29,14.4,2,10,83,15,29.98
0.207705193,55,28,6.6,1,10,37,0,30.11
0.07967033,66,29,7.3,1,10,34,16,29.99
0.536458333,77,29,8.5,0,10,51,15,29.76
0.605392157,67,30,8.5,1,10,83,3,29.93
0.71331058,57,12,2.8,4,4,96,5,30.17
0.407456724,60,28,11.7,4,10,86,5,29.9
0.289141414,62,30,12.1,1,10,70,23,29.98
0.451140065,54,10,4.8,0,10,34,5,30.29
0.154285714,62,28,16.1,2,10,65,14,30.07
0.161856964,57,28,12.1,3,10,67,6,30.26
0.135761589,54,32,2.7,4,6,96,0,30.05
0.148606811,49,21,8.1,2,10,57,10,29.96
0.925666199,61,30,12.3,1,10,90,13,29.92
0.773015873,58,20,10.6,3,10,87,13,29.85
0.895086321,57,32,15.4,0,10,42,28,30.01
0.083860759,62,23,8.1,3,10,78,0,30.07
0.150282486,62,30,13.3,1,10,70,15,29.82
0.829813665,74,29,6.7,1,10,70,0,29.95
0.146084337,55,14,6.9,4,10,83,0,30.04
0.825035562,49,29,13.2,0,10,68,8,30.16
0.583529412,65,27,13.6,4,10,84,8,29.84
0.062863795,59,29,15.6,3,10,63,15,29.9
0.057827927,51,28,9.5,1,10,62,14,30.1
0.715670436,51,28,5,1,10,89,3,30.17
0.924332344,56,17,7.6,3,10,83,6,30.07
0.553916005,64,26,8,4,10,78,6,29.88
0.052318668,64,27,11.5,1,10,59,15,30
0.061251664,54,28,19.6,1,10,46,22,29.97
0.452614379,49,27,4.7,1,10,67,16,30.32
0.565585331,51,28,9.5,1,10,83,17,30.1
0.751304348,51,30,3.2,3,9,93,0,30.26
0.824742268,53,33,3.7,3,9,86,6,30.09
0.422316384,65,29,6.9,2,10,83,0,30.04
0.207191781,53,28,6.9,4,4,86,9,30.14
0.85787452,63,27,13.9,4,10,93,11,29.86
0.162251656,54,32,2.7,4,1.5,96,0,30.03
0.667808219,61,28,14.6,3,10,87,22,29.99
0.717990276,52,29,4.8,0,10,83,6,30.3
0.746166951,59,9,9.5,1,10,58,9,30.28
0.060779817,61,31,8,1,10,63,6,29.89
0.788395904,48,3,2.7,2,10,51,3,30.32
1.052805281,52,27,10,4,10,69,13,30.17
0.142446043,52,28,12.6,3,10,64,17,30.13
0.459367946,70,30,11.6,1,9,70,15,29.78
0.195462478,43,29,2.3,2,10,61,0,30.33
0.808683853,60,26,7.9,0,10,67,6,29.98
0.618867925,63,29,9.8,4,10,83,5,29.96
0.429319372,43,5,9.3,4,4,93,9,29.93
0.515358362,57,12,2.8,1,10,54,0,30.1
0.601705238,67,28,21.2,2,10,90,15,29.94
0.941344778,64,26,14.4,4,9,93,15,29.73
0.166666667,64,28,9.7,3,10,68,3,29.84
0.172205438,58,27,13.3,1,10,67,11,30.2
0.051194539,62,27,12.9,2,10,65,22,29.97
0.758229285,62,28,10.6,2,10,80,0,29.93
0.486194478,64,27,16.1,1,10,81,20,30.02
0.099697885,58,27,13.3,2,10,58,16,30.17
0.420091324,50,7,3.8,4,10,62,0,30.19
0.483832335,66,27,12.9,2,10,73,20,30.02
0.726715686,55,26,14.8,3,10,77,14,30.02
0.08852459,66,10,6.5,0,10,52,7,30.14
0.270520231,59,27,10.2,2,10,65,24,29.89
0.976525822,46,22,10.4,1,10,73,6,30.12
0.29093199,52,27,17.2,3,10,62,24,30.25
1.059336824,49,26,9.2,3,10,80,14,30.23
0.389788294,68,29,9.2,4,9,87,3,29.92
0.461625282,66,29,11,1,10,72,16,29.79
0.05758427,52,27,11.5,1,10,72,14,30.12
0.067708333,77,29,8.5,0,10,49,5,29.78
0.356413167,61,27,15.1,4,10,80,10,30.01
0.681609195,60,30,10.5,0,10,72,10,29.85
0.460750853,64,28,17.7,2,10,70,17,29.91
0.752166378,47,3,3.8,4,10,89,7,30.18
0.191933241,59,20,8.6,4,9,87,11,30.26
0.43718593,55,14,1.9,0,10,77,0,30.24
0.670068027,63,27,16,1,10,78,14,29.93
0.063882064,52,26,18,1,10,57,23,30.16
0.096121417,54,15,2.7,3,3,83,6,30.07
1.025684932,53,28,6.9,0,6,93,0,30.13
0.100456621,68,14,2.7,0,10,17,0,30.04
0.056899004,49,29,13.2,1,10,45,15,30.12
0.666218035,57,27,15.7,2,10,90,10,30.05
0.737391304,49,29,15.9,4,9,69,22,29.85
0.985099338,64,9,1.2,1,8,83,0,30.1
0.409395973,60,28,12.6,4,7,90,7,30.01
0.723664122,69,31,4.3,0,10,62,0,30.02
0.672998643,49,29,13.5,0,10,70,5,30.33
0.511919699,61,27,8.1,1,10,75,14,29.94
0.64713715,60,28,11.7,3,10,83,8,29.87
0.356228172,59,28,14.4,3,10,80,11,29.97
0.722891566,54,6,7.4,2,10,80,13,30.05
0.54816825,49,29,13.5,1,10,64,16,30.26
0.166237113,72,29,6.8,0,10,64,0,29.92
0.052154195,61,29,14.4,1,10,59,20,29.95
0.089337176,66,28,10.5,0,10,59,3,30.05
0.439522998,59,9,9.5,2,10,48,8,30.29
1.042553191,47,36,6,0,10,66,5,30.51
0.913362702,55,10,3.1,3,10,77,6,30.11
0.812274368,67,30,9.8,1,9,87,7,30.02
0.702280912,64,27,16.1,1,9,87,18,30.03
0.473067916,61,29,14.2,1,10,87,20,29.88
0.942976356,59,20,8.6,4,10,90,13,30.17
0.15158371,65,31,8.6,1,10,70,5,29.84
0.154109589,62,28,13.3,3,10,68,13,30.02
0.778220452,57,32,15.4,0,10,71,9,30.1
0.115183246,43,5,9.3,3,10,86,10,29.99
0.674259681,61,28,12.9,3,10,80,11,29.93
1.137870855,49,12,5.1,4,10,96,10,29.87
0.938291139,62,23,8.1,4,10,90,9,29.93
0.553551297,61,27,15,4,10,84,9,29.89
0.523017903,54,27,18,3,10,83,16,30.16
0.888235294,63,32,13.4,1,10,27,7,30.19
0.084394904,55,29,13.3,3,10,69,13,30.13
0.147239264,51,15,12.6,3,10,74,11,29.61
1.113989637,46,4,4.2,3,9,86,7,30.25
0.703971119,67,30,9.8,1,10,84,9,29.96
0.292838875,54,27,18,3,10,67,23,30.15
0.624203822,56,27,17.5,4,10,90,20,30.23
0.483080513,74,30,9,2,10,65,18,29.88
0.09672619,68,29,6.4,1,10,40,0,30.03
0.383863081,63,26,19.3,1,10,72,17,29.97
0.968944099,49,22,6,3,10,89,3,30.09
0.184032476,52,27,10.7,0,10,67,6,30.29
0.782608696,58,27,10.2,4,5,93,16,29.91
0.053047404,63,29,9.8,1,10,61,9,29.91
0.66552901,62,27,12.9,0,10,72,7,29.93
0.552542373,63,26,16.3,4,10,78,10,29.94
0.133655395,54,32,1.9,0,10,42,3,30.23
0.787878788,59,26,13.1,4,10,87,13,29.93
0.500869565,51,30,3.2,2,10,72,0,30.22
0.293589744,54,27,15.8,2,10,64,29,29.88
0.267816092,60,30,10.5,2,10,51,18,29.84
1.062176166,46,4,4.2,4,10,77,0,30.22
0.170896785,56,13,3.2,1,10,70,6,30.12
0.36744186,60,26,13.6,3,10,86,8,29.92
0.183074266,44,30,5.2,3,10,54,7,30.05
0.780292943,54,28,19.6,0,10,42,13,30.01
0.65893588,65,28,10.3,4,10,90,8,30.01
0.482676225,66,26,14,3,10,70,13,29.96
0.205546493,60,28,5.9,3,9,84,3,30.26
0.665697674,54,20,17.3,3,10,64,20,29.85
1.123938879,56,29,7.2,4,10,83,8,30.2
0.157212318,52,29,4.8,0,8,75,3,30.25
1.062827225,48,26,8.9,2,10,83,7,29.83
0.952904239,65,15,13,3,10,78,11,30.06
1.075928918,57,28,19.3,2,10,83,25,29.96
0.46422629,55,4,2.4,4,10,72,3,29.98
1.075630252,55,14,2.5,0,10,66,3,30.26
0.944267516,55,29,13.3,3,10,80,9,29.98
0.691666667,54,27,5.7,4,8,86,5,30.14
0.36,62,28,16.1,3,10,93,11,30.05
0.902406417,59,28,12.1,0,10,80,3,29.99
0.18134715,46,4,4.2,4,1.5,93,0,30.16
0.153939394,55,27,12,3,10,55,13,30.19
0.762458472,53,2,2.6,4,9,93,0,30
0.054151625,67,30,9.8,1,10,50,18,29.98
0.073825503,60,28,12.6,1,10,63,16,29.95
0.20754717,56,28,6.9,1,10,75,5,30.14
0.161712247,64,27,11.5,4,10,70,8,30.02
0.495808383,64,23,7.3,3,10,75,6,30.07
0.744067797,55,9,2.3,0,10,86,0,30.22
0.391414141,49,28,20.5,0,10,61,17,30.07
0.827826087,49,29,15.9,2,10,66,20,29.89
0.798657718,60,28,12.6,1,10,90,13,29.96
1,54,28,6,2,10,77,0,30.09
0.164417178,65,30,11.1,2,10,61,6,29.93
0.051401869,60,29,15,1,10,63,20,29.96
0.7359199,62,28,11.6,3,10,80,8,29.92
0.091666667,54,27,5.7,4,8,86,5,30.16
0.711077844,70,31,4.4,1,10,69,0,30.03
0.08869814,64,26,14.4,2,10,66,16,29.86
0.537157757,75,30,8.6,0,10,57,14,29.74
1.117647059,51,25,10.3,2,10,83,8,30
0.197207679,49,26,9.2,2,10,59,14,30.3
0.515517241,51,3,3.6,1,8,72,3,30.18
0.134087237,51,28,5,0,5,83,0,30.19
0.768844221,55,14,1.9,0,10,48,3,30.15
0.065552699,69,28,7.5,0,10,21,3,29.89
0.188445667,59,28,12.4,2,10,78,3,30.03
0.664036077,61,27,15,4,10,81,13,29.95
0.153758542,60,26,14.7,3,10,75,16,30.01
0.477079796,61,13,5.3,0,10,29,3,30.22
0.513937282,45,16,7.8,4,4,86,0,29.83
0.704391892,55,36,3.3,3,10,83,0,30.03
0.174311927,51,28,18,0,10,55,20,30
0.757609921,67,29,10.7,0,10,80,7,29.85
0.55530474,66,30,11.5,1,10,77,8,29.71
0.264236902,60,28,12.2,3,10,65,20,29.91
0.164451827,53,2,2.6,4,4,93,7,30
0.790243902,57,28,10.2,3,10,72,11,30.27
0.401832461,62,29,14.9,1,10,84,8,29.76
0.513089005,43,5,9.3,3,10,83,20,29.99
0.494623656,64,28,10.1,3,10,90,14,30.13
0.744332494,52,27,17.2,1,10,77,22,30.25
0.740418118,45,16,7.8,2,10,76,6,29.93
0.134453782,55,14,2.5,0,4,72,8,30.29
0.755775578,52,27,10,4,10,80,9,30.14
0.462857143,62,28,16.1,2,10,67,23,30.04
0.374847375,52,26,16.8,3,10,74,11,30
0.126736111,48,30,4.1,4,0.5,96,3,30.26
0.915407855,58,27,13.3,1,10,90,8,30.18
0.757609921,63,32,7.9,1,10,86,10,29.78
0.166882277,73,29,7.9,0,10,69,3,29.88
0.20777027,55,36,3.3,4,7,75,0,30.01
0.166666667,77,29,8.5,0,10,64,3,29.82
0.054545455,66,30,9.3,3,10,61,21,30.02
0.202875399,53,30,3.8,3,10,56,5,30.25
0.664399093,64,27,11,1,10,78,11,29.99
1.06271777,47,28,21.1,4,10,86,30,29.65
0.61125,69,30,3.9,0,10,74,0,30.06
0.378378378,52,26,18,3,10,77,16,30.14
0.663987138,62,30,5.2,0,10,90,0,30.24
0.6478318,54,27,25.1,3,10,86,8,29.94
0.510638298,62,28,11.6,3,10,83,11,29.91
0.341359773,66,29,7.8,3,10,59,16,29.92
1.041522491,50,33,4.9,4,10,80,6,30.06
0.660208644,55,27,5.3,4,10,96,3,30.17
0.56946039,62,30,14.7,1,10,90,9,29.88
0.413369714,65,28,10.3,4,10,84,6,30.03
0.539176627,57,32,15.4,1,10,64,18,30.06
0.689368771,57,29,9.3,0,10,86,6,30.12
0.719018405,65,30,11.1,1,10,83,16,29.89
0.404907975,51,15,12.6,4,4,89,14,29.48
0.673170732,57,28,10.2,4,10,96,7,30.17
0.527741935,56,21,9.6,2,10,75,15,30.05
0.84256927,52,27,17.2,1,10,83,15,30.22
0.567094516,74,30,9,0,10,65,0,29.87
0.803234501,59,28,12.7,2,10,78,11,29.99
0.396178344,74,29,12.4,1,10,66,0,29.91
0.491103203,58,28,16.8,3,9,75,24,29.96
0.183708839,47,3,3.8,4,6,89,0,30.14
0.74841169,78,29,6.6,1,10,45,6,29.92
0.579529737,66,29,10.1,1,10,56,16,29.89
0.134775374,55,4,2.4,4,10,75,3,30.02
1.06044905,44,30,5.2,2,10,80,3,30.01
0.098471986,56,29,7.2,2,8,87,7,30.1
0.800658979,69,14,5,1,10,38,0,30.07
0.08,69,29,8.7,0,10,66,6,29.94
0.352685051,66,27,12.6,1,10,61,25,29.92
0.777011494,60,30,13,1,10,96,11,29.99
0.696066746,66,27,12,1,10,84,10,30
0.174061433,48,3,2.7,2,10,77,5,30.43
0.3808948,73,30,10.3,0,10,75,0,29.92
0.607626076,62,29,14.2,1,10,87,7,29.87
0.258362168,64,30,13,3,10,70,23,29.9
0.480408859,59,9,9.5,1,10,42,16,30.23
0.050400916,70,28,10.6,0,10,28,13,29.95
0.264236902,61,28,12.9,2,10,51,18,29.88
0.134615385,56,32,3.1,0,4,67,6,30.1
0.86545925,73,29,7.9,0,10,72,6,29.84
0.291719745,74,29,12.4,1,10,43,30,29.82
0.376811594,58,27,10.2,3,10,93,0,30.06
0.395973154,54,28,6,2,10,83,0,30.12
0.791569087,61,29,14.2,3,10,96,15,29.96
0.688679245,63,26,11.6,4,10,87,8,29.95
0.971428571,52,26,13.4,3,10,83,6,30.07
1.126956522,51,30,3.2,1,10,90,3,30.22
0.147688839,63,27,23.3,2,10,63,21,29.77
0.516464471,49,6,6.4,1,10,67,11,30.26
0.675105485,62,28,8.4,4,10,87,6,29.96
0.356228172,59,29,15.6,3,10,90,15,29.88
0.749682338,55,27,19.6,2,10,71,17,29.97
0.255972696,64,28,17.7,1,10,53,29,29.91
0.062025316,71,29,9.8,0,10,42,13,30
0.259887006,62,26,14,4,10,65,14,29.93
0.272409779,59,28,14.4,1,10,60,32,29.94
0.298941799,57,27,12.6,2,10,52,25,30.02
0.484589041,49,11,6.6,1,10,39,6,30.26
0.385335413,56,30,8.3,2,10,70,9,29.94
0.43826087,51,30,3.2,3,9,93,0,30.28
0.625477707,74,29,12.4,1,10,57,3,29.89
1.108333333,54,27,5.7,4,10,86,8,30.16
0.377538829,66,26,14,4,10,84,7,30.01
0.424878837,51,28,5,0,10,89,0,30.16
0.758278146,54,32,2.7,4,4,96,0,30.04
0.949329359,55,27,5.3,3,10,86,5,30.08
0.582159624,62,27,12.8,4,10,90,8,29.88
0.822695035,48,27,6.3,3,10,71,6,30.09
0.059925094,63,29,14.7,2,10,63,21,29.86
0.150234742,46,22,10.4,3,10,59,8,30.21
0.49754902,67,30,8.5,1,10,72,9,29.89
0.187928669,54,27,15.6,3,9,83,10,29.97
0.906849315,63,27,14.4,3,10,87,8,29.97
0.884362681,54,27,25.1,4,10,93,28,29.97
0.187826087,51,30,3.2,3,6,86,3,30.25
0.506849315,68,29,9.2,2,10,70,15,29.82
0.511343805,49,26,9.2,2,10,59,16,30.31
0.72228989,53,27,14.5,2,10,74,11,30.17
0.064039409,53,27,24.4,1,10,55,32,30.07
0.760820046,61,28,12.9,3,10,86,8,29.89
0.406666667,61,29,9,4,10,83,5,29.9
0.381818182,66,30,9.3,1,10,84,0,30.02
0.258064516,62,30,13.7,2,10,63,21,29.93
0.342816501,67,27,9.5,3,10,76,9,29.92
0.793333333,61,29,9,1,10,83,7,29.93
0.408223201,55,10,3.1,4,10,75,5,29.96
0.12041116,55,10,3.1,4,10,69,3,30.05
0.908479139,57,27,15.7,3,10,90,17,30.08
0.382978723,60,28,6,1,10,96,0,30.22
0.091362126,57,29,9.3,0,9,81,0,30.17
0.887862797,56,27,19.3,2,10,77,26,29.98
0.271147161,57,30,10.4,2,10,60,18,29.88
0.674259681,60,28,12.2,3,10,83,16,29.9
0.172989378,64,28,4,1,10,75,0,30.2
0.433774834,54,32,2.7,4,4,96,3,30.02
0.668552036,62,26,11.2,4,10,78,10,29.94
0.416998672,57,32,15.4,1,10,40,16,30.08
0.778947368,71,30,6.4,0,10,75,3,29.86
0.163215591,67,28,21.2,1,10,63,17,29.98
0.102325581,55,29,9,3,7,78,17,30.17
0.259593679,62,27,11.2,3,10,63,18,29.94
0.984520124,49,21,8.1,3,10,80,6,29.97
0.56975381,58,29,12.9,4,10,96,6,29.97
1.061082024,43,29,2.3,1,10,73,6,30.37
0.61423221,63,29,14.7,1,10,84,8,29.83
1.100993377,64,9,1.2,1,10,78,0,30.11
0.556433409,70,30,9.7,0,10,86,7,29.88
0.052443385,66,27,12,0,10,52,18,30.03
0.165605096,56,27,17.5,1,10,65,9,30.27
0.600570613,65,19,8.5,4,10,70,14,29.76
0.427604871,52,27,10.7,1,10,80,3,30.27
0.675516224,52,32,5.2,3,10,67,0,30.1
0.469248292,60,28,12.2,2,10,72,11,29.91
0.582035928,64,23,7.3,4,7,90,3,30.03
0.774341352,70,28,10.6,0,10,83,10,30.02
0.392902408,50,29,26.6,1,10,58,16,29.97
0.994991653,57,27,6.6,4,10,90,7,30.15
0.556433409,63,29,9.8,3,10,83,13,29.91
0.468677494,59,27,13.7,3,10,83,16,29.9
0.272727273,66,30,9.3,1,10,70,18,30
0.713598075,59,23,9.8,2,10,96,8,30.11
1.029968454,63,16,12.8,3,10,75,9,30.03
0.16125,69,30,3.9,0,10,75,3,30.11
0.53125,59,23,3.5,0,10,17,6,30.02
0.412244898,63,21,7.3,1,10,80,3,29.99
0.565770863,50,28,5.9,0,10,69,16,30.02
0.364719905,59,27,16.8,1,9,90,7,30.17
0.673748103,53,16,3,0,10,93,0,30.17
0.35600907,64,27,11,3,10,78,0,30
0.165621079,61,27,8.1,1,10,68,3,29.96
0.093959732,54,28,6,2,10,72,3,30.15
0.393900889,55,27,19.6,4,10,93,15,30.13
0.667808219,62,28,13.3,3,10,83,16,30
0.416320885,66,29,10.1,1,9,90,5,29.94
0.134551495,53,2,2.6,4,4,96,0,30.02
0.983471074,63,5,2,0,10,75,0,30.08
0.675028506,59,27,10.9,4,10,90,7,29.94
0.372121212,55,27,12,3,10,74,15,30.18
0.331944444,67,29,9.3,2,10,57,21,29.88
0.664785553,66,29,11,0,10,78,15,29.8
0.351156069,65,28,10.2,0,10,55,22,30.07
0.825862069,54,15,3.5,2,10,55,0,30.19
0.992412747,64,28,4,0,10,86,3,30.17
0.409703504,59,28,12.7,4,9,83,9,29.97
0.418636996,66,29,10.7,2,9,84,6,29.93
0.113240418,45,16,7.8,4,10,74,13,29.95
0.46275395,64,26,9.6,2,10,65,11,29.95
0.94100295,52,32,5.2,2,10,69,0,30.12
0.296875,59,23,3.5,0,10,17,9,30.02
0.775132275,57,27,12.6,2,10,83,26,30
0.174770039,54,27,25.1,1,10,75,24,29.98
0.058530511,68,29,9.2,1,10,68,6,29.87
0.731788079,54,32,2.7,4,5,93,3,30.02
0.301608579,62,28,9.9,1,10,52,18,29.98
0.763306908,64,29,12.3,1,10,87,7,29.85
0.76,56,21,9.6,2,10,75,7,30.07
0.827225131,43,5,9.3,3,10,83,16,30.02
0.306629834,58,29,8,3,10,61,17,30.1
0.145762712,63,26,16.3,4,9,70,14,29.99
0.694490818,57,27,6.6,3,10,90,3,30.16
0.628534704,69,28,7.5,0,10,77,5,29.85
0.764032073,62,30,7.2,3,10,90,7,29.94
0.404074703,56,29,7.2,4,8,90,6,30.05
0.059539919,52,27,10.7,1,10,60,17,30.23
0.131868132,48,29,16.2,3,10,59,21,29.96
0.496332518,63,26,19.3,2,10,75,15,29.94
0.563781321,60,26,14.7,3,10,90,11,29.96
0.964539007,48,27,6.3,0,10,65,5,30.17
0.287671233,75,31,5.5,2,10,18,11,29.94
1.03327787,55,4,2.4,2,10,83,0,30.04
0.280940594,65,30,8.6,1,10,63,17,29.82
0.792401628,49,29,13.5,0,10,74,14,30.28
0.492271106,61,28,15.3,1,10,69,25,29.93
1.11409396,54,28,6,1,8,100,0,30.09
0.096283784,55,36,3.3,4,7,87,7,30.05
0.707006369,55,16,10.3,4,10,90,8,29.91
0.354744526,57,29,17.6,2,10,46,29,29.91
0.998324958,55,28,6.6,0,10,83,3,30.2
0.386430678,52,32,5.2,3,10,74,5,30.23
0.926086957,50,18,7.9,2,10,71,10,30.07
0.513605442,53,24,3.9,4,7,78,3,30.2
0.415748031,50,23,9,3,10,93,3,29.9
0.86025641,54,27,15.8,4,10,83,6,29.86
0.185763889,48,30,4.1,1,2.5,96,3,30.2
0.161137441,63,28,13,2,10,68,13,29.98
0.801897983,63,27,13.5,4,10,84,13,29.99
0.411856474,49,22,7.7,3,10,96,6,30.14
0.931240658,57,17,14.6,4,9,93,0,30.02
0.928464978,55,27,5.3,4,6,90,10,30.15
0.261904762,63,27,16,2,10,53,24,29.94
0.889684814,52,28,6.3,1,10,86,6,30.1
0.487058824,58,27,16.6,3,10,48,18,30.06
0.707213579,50,28,5.9,1,10,73,3,30.04
0.784182306,62,28,9.9,0,10,80,9,30
0.403669725,51,18,11.8,4,10,80,11,29.79
0.734082397,63,29,14.7,3,10,81,14,29.89
0.166037736,63,29,9.8,1,10,70,6,29.99
0.18328841,55,27,16.1,2,10,67,11,30.17
0.131623932,56,8,6.9,0,10,69,10,30.53
0.10745234,49,6,6.4,1,10,49,6,30.27
0.266349584,64,27,11.5,1,10,61,17,29.97
0.306740028,59,28,12.4,2,10,70,24,29.97
0.051162791,60,26,13.6,1,10,61,18,29.91
0.59566787,67,30,9.8,0,10,84,3,30
0.580116959,63,30,13,4,10,90,6,30
0.162468514,52,27,17.2,1,10,59,3,30.28
0.408616188,53,28,6,0,10,77,0,30.04
1.047619048,47,32,6.6,0,10,54,7,30.26
0.050808314,64,30,13.1,1,10,51,16,29.88
0.133105802,48,3,2.7,1,10,77,3,30.51
0.204180064,62,30,5.2,0,10,75,0,30.16
0.540612517,54,28,19.6,0,10,69,23,29.95
0.164197531,62,29,11.5,1,9,73,13,29.88
0.050400916,73,30,10.4,0,10,33,13,29.83
0.295483871,56,21,9.6,3,10,65,16,30.06
0.154313487,54,27,15.2,1,10,55,17,30.2
0.790945406,60,28,11.7,3,10,86,9,29.9
0.179310345,49,17,3.5,4,10,80,3,30.26
0.087520259,55,28,8.5,3,10,72,9,30.09
1.141361257,43,29,8.4,0,10,68,14,29.92
0.142857143,52,27,7.3,3,10,69,5,30.16
0.600985222,53,27,24.4,4,10,74,21,29.97
0.794168096,48,4,3.8,1,10,89,0,30.2
0.582753825,66,29,10.7,1,10,90,15,29.92
0.987915408,58,27,13.3,3,10,83,14,30.12
0.82547993,47,20,8.7,3,10,74,9,30.17
0.371601208,58,27,13.3,2,10,70,17,30.16
0.27798278,62,29,14.2,1,10,73,25,29.86
0.178694158,49,1,3.8,1,5,80,0,30.23
0.375743163,64,27,11.5,4,10,84,6,30.01
0.402597403,52,27,7.3,3,10,62,10,30.13
0.051886792,63,26,11.6,1,10,66,18,29.95
1.066086957,50,34,4.6,1,10,89,0,30.21
0.442280946,59,20,8.6,4,10,96,7,30.22
0.275274056,67,28,21.2,1,10,48,26,29.93
0.727272727,52,26,18,2,10,77,31,30.13
0.162454874,67,30,9.8,1,8,73,5,30.02
0.352468427,60,30,11.4,1,10,75,0,29.89
0.203125,51,12,4,0,8,51,3,30.32
0.761658031,56,18,9.9,4,10,80,9,29.95
0.46031746,64,27,11,1,10,70,14,29.97
0.77056962,62,23,8.1,3,10,87,3,30.06
0.105354059,50,27,6.6,4,2.5,86,0,30.15
0.735403727,74,29,6.7,1,10,35,8,29.87
0.919332406,66,29,10.7,0,10,81,6,29.91
0.471461187,58,27,11.8,3,9,80,13,29.93
0.773519164,57,27,12.3,1,10,74,8,29.94
0.463276836,62,26,14,3,10,72,14,29.92
0.063532402,55,27,19.6,3,10,60,21,30.07
0.443609023,59,29,10.3,2,10,90,10,30.02
0.756482525,59,26,18.8,1,10,77,31,29.72
0.448854962,69,31,4.3,0,10,65,5,30.04
0.41292876,56,27,19.3,2,10,77,14,30.01
0.911144578,56,27,11.5,4,10,83,10,30.1
0.79342723,62,27,12.8,4,10,87,11,29.89
0.453900709,48,27,6.3,0,10,77,6,30.18
0.432343234,52,27,10,4,10,90,10,30.14
0.91942446,52,28,12.6,1,10,80,11,30.11
0.694411415,64,27,11.5,4,10,87,17,29.99
0.148584906,56,27,19,1,10,56,15,30.07
1.029801325,54,32,2.7,4,7,75,7,30.01
0.96803653,50,7,3.8,2,10,77,0,30.2
0.780600462,64,30,13.1,2,10,90,10,29.9
0.878787879,63,21,10.5,3,10,84,7,29.76
0.484210526,71,30,6.4,0,10,40,18,29.85
0.16091954,47,32,6.6,1,10,66,5,30.1
0.105678233,63,16,12.8,4,4,90,15,29.93
0.172932331,59,29,10.3,2,10,68,6,30.07
0.146258503,63,27,16,2,10,61,17,29.98
0.105172414,54,15,3.5,1,6,72,6,30.23
0.755932203,63,26,16.3,4,10,75,14,29.96
1.138408304,50,33,4.9,0,10,86,3,30.09
0.17147708,61,13,5.3,0,10,35,7,30.27
0.82547993,49,26,9.2,1,10,71,10,30.34
0.70310192,64,28,6.4,0,10,49,5,30.22
0.710814095,71,29,12.5,1,10,73,10,29.96
0.664036077,59,26,18.8,1,10,77,32,29.8
1.062068966,49,17,3.5,4,9,86,0,30.25
0.132911392,55,32,5.3,3,10,83,3,29.89
0.939534884,55,29,9,2,10,90,14,30.18
1.140625,50,29,4.9,2,9,90,11,30
0.258173619,62,26,14,3,10,70,20,29.91
0.127806563,44,30,5.2,2,10,61,0,30.09
0.279569892,64,28,10.1,3,10,71,16,30.12
0.668984701,66,29,10.7,0,9,87,7,29.9
0.660273973,63,27,14.4,3,10,81,13,29.96
0.191135734,58,28,9,3,10,75,6,30.31
0.60391198,63,26,19.3,2,10,72,24,29.95
0.560090703,64,27,11,4,10,83,8,29.97
0.818336163,56,29,7.2,4,10,80,10,30.15
0.141833811,52,28,6.3,1,10,75,3,30.12
0.737458194,55,13,1.5,0,10,77,0,30.15
0.261072261,59,26,13.1,1,10,68,22,29.94
0.489655172,49,17,3.5,3,10,80,0,30.25
0.687845304,58,29,8,2,10,93,6,30.22
0.152827918,59,23,9.8,4,10,81,15,30.13
0.261312217,62,26,11.2,3,10,61,16,29.92
0.401041667,77,29,8.5,0,10,61,0,29.8
1.136206897,51,3,3.6,1,10,80,0,30.18
0.050691244,62,30,13.7,1,10,57,17,29.98
0.665217391,50,18,7.9,3,10,71,9,30.05
0.688253012,55,14,6.9,4,10,78,24,29.93
0.145977011,60,30,10.5,1,10,59,9,29.91
0.127853881,50,7,3.8,3,10,83,8,30.25
0.051282051,59,26,13.1,1,10,61,18,29.96
0.834987593,64,28,12.3,2,10,84,0,29.86
0.570422535,60,27,21.5,2,10,86,16,30.06
0.678470255,66,29,7.8,1,10,78,5,29.99
0.273684211,71,30,6.4,1,10,31,14,29.85
0.148984199,66,30,11.5,0,10,65,5,29.73
0.978583196,69,14,5,1,10,45,11,30.1
0.151755379,64,29,12.3,1,10,68,10,29.88
0.694835681,46,22,10.4,1,10,73,3,30.13
0.468181818,62,27,8.6,3,10,72,13,29.94
0.063010502,74,30,9,1,10,26,15,29.87
0.808013356,57,27,6.6,0,10,78,10,30.21
0.961810467,50,28,5.9,3,10,73,0,30.07
0.743686869,62,30,12.1,1,10,93,15,30.04
0.133333333,53,13,7.5,3,10,80,6,29.81
0.155637255,55,26,14.8,1,10,62,3,30.07
0.379254457,55,28,8.5,3,10,90,9,30.07
0.487364621,67,30,9.8,2,9,78,18,29.94
0.330567082,66,29,10.1,1,10,49,16,29.89
0.51964512,50,29,26.6,2,10,68,32,29.92
1.123263889,48,30,4.1,4,10,90,5,30.18
0.163240629,73,30,10.3,1,10,66,5,29.94
0.697183099,60,27,21.5,3,10,90,14,30.03
0.465437788,62,30,13.7,1,10,78,18,29.95
0.438983051,55,9,2.3,0,10,89,0,30.22
0.458528951,59,16,8.6,3,7,86,0,29.85
0.103092784,53,33,3.7,4,1.5,100,3,30.2
0.056433409,62,27,11.2,3,10,63,15,29.95
0.298835705,73,29,7.9,0,10,27,20,29.81
0.175738725,58,29,10.4,4,2,93,0,30.22
1.019639935,47,36,6,0,10,52,15,30.31
0.05530474,66,29,11,1,10,54,21,29.84
0.125217391,51,30,3.2,3,6,90,5,30.3
1.032414911,52,29,4.8,1,8,93,11,30.21
0.559456399,64,29,12.3,4,10,83,8,29.85
0.285356696,62,28,11.6,2,10,65,29,29.91
0.199146515,49,29,13.2,1,10,48,11,30.12
0.662528217,63,29,9.8,0,10,80,8,29.9
0.725862069,51,3,3.6,0,10,74,0,30.21
0.300132802,57,32,15.4,1,10,51,23,30.05
0.410810811,62,24,9.6,4,10,70,3,30.03
0.683179724,56,28,10.6,2,10,80,5,29.91
0.376623377,52,27,7.3,3,10,77,6,30.14
0.435294118,63,32,13.4,0,10,34,9,30.15
0.733118971,54,7,1.8,0,10,65,0,30.15
0.457098284,56,30,8.3,1,7,100,9,30.08
0.556571429,61,26,11.2,4,10,80,6,30
0.546684709,52,27,10.7,2,10,80,22,30.17
1.084602369,56,13,3.2,0,10,59,3,30.15
0.436454849,55,13,1.5,1,10,86,0,30.15
0.715855573,48,29,16.2,1,10,68,21,30.04
0.19895288,43,29,8.4,1,10,44,5,29.96
